This is pdfTeX, Version 3.141592653-2.6-1.40.22 (TeX Live 2022/dev/Debian) (preloaded format=pdflatex 2026.4.28)  27 MAY 2026 15:38
entering extended mode
 restricted \write18 enabled.
 %&-line parsing enabled.
**thesis.tex
(./thesis.tex
LaTeX2e <2021-11-15> patch level 1
L3 programming layer <2022-01-21>
(/usr/share/texlive/texmf-dist/tex/latex/extsizes/extbook.cls
Document Class: extbook 1999/01/07 v1.4a NON-Standard LaTeX document class
(/usr/share/texlive/texmf-dist/tex/latex/base/bk12.clo
File: bk12.clo 2021/10/04 v1.4n Standard LaTeX file (size option)
)
(/usr/share/texlive/texmf-dist/tex/latex/base/exscale.sty
Package: exscale 2018/09/24 v2.1i Standard LaTeX package exscale
LaTeX Font Info:    Redeclaring symbol font `largesymbols' on input line 57.
LaTeX Font Info:    Overwriting symbol font `largesymbols' in version `normal'
(Font)                  OMX/cmex/m/n --> OMX/cmex/m/n on input line 57.
LaTeX Font Info:    Overwriting symbol font `largesymbols' in version `bold'
(Font)                  OMX/cmex/m/n --> OMX/cmex/m/n on input line 57.
\big@size=\dimen138
)
\c@part=\count185
\c@chapter=\count186
\c@section=\count187
\c@subsection=\count188
\c@subsubsection=\count189
\c@paragraph=\count190
\c@subparagraph=\count191
\c@figure=\count192
\c@table=\count193
\abovecaptionskip=\skip47
\belowcaptionskip=\skip48
\bibindent=\dimen139
)
(/usr/share/texlive/texmf-dist/tex/latex/fontsize/fontsize.sty
Package: fontsize 2021/08/04 v0.8.5 'fontsize' package. Set main font sizes (Iv
an Valbusa)

(/usr/share/texlive/texmf-dist/tex/latex/xkeyval/xkeyval.sty
Package: xkeyval 2020/11/20 v2.8 package option processing (HA)

(/usr/share/texlive/texmf-dist/tex/generic/xkeyval/xkeyval.tex
(/usr/share/texlive/texmf-dist/tex/generic/xkeyval/xkvutils.tex
\XKV@toks=\toks16
\XKV@tempa@toks=\toks17

(/usr/share/texlive/texmf-dist/tex/generic/xkeyval/keyval.tex))
\XKV@depth=\count194
File: xkeyval.tex 2014/12/03 v2.7a key=value parser (HA)
))
(/usr/share/texlive/texmf-dist/tex/latex/l3packages/xfp/xfp.sty
(/usr/share/texlive/texmf-dist/tex/latex/l3kernel/expl3.sty
Package: expl3 2022-01-21 L3 programming layer (loader) 

(/usr/share/texlive/texmf-dist/tex/latex/l3backend/l3backend-pdftex.def
File: l3backend-pdftex.def 2022-01-12 L3 backend support: PDF output (pdfTeX)
\l__color_backend_stack_int=\count195
\l__pdf_internal_box=\box50
))
Package: xfp 2022-01-12 L3 Floating point unit
))

LaTeX Font Warning: Font shape `OT1/cmr/m/n' in size <13> not available
(Font)              size <12> substituted on input line 6.

(/usr/share/texlive/texmf-dist/tex/latex/base/fontenc.sty
Package: fontenc 2021/04/29 v2.0v Standard LaTeX package


LaTeX Font Warning: Font shape `T1/cmr/m/n' in size <13> not available
(Font)              size <12> substituted on input line 112.

) (/usr/share/texlive/texmf-dist/tex/latex/base/inputenc.sty
Package: inputenc 2021/02/14 v1.3d Input encoding file
\inpenc@prehook=\toks18
\inpenc@posthook=\toks19
)
(/usr/share/texlive/texmf-dist/tex/generic/babel/babel.sty
Package: babel 2022/01/26 3.70 The Babel package
\babel@savecnt=\count196
\U@D=\dimen140
\l@unhyphenated=\language30

(/usr/share/texlive/texmf-dist/tex/generic/babel/txtbabel.def)
\bbl@readstream=\read2
\bbl@dirlevel=\count197

(/usr/share/texlive/texmf-dist/tex/generic/babel-vietnamese/vietnamese.ldf
Language: vietnamese 


Package babel Warning: No hyphenation patterns were preloaded for
(babel)                the language 'Vietnamese' into the format.
(babel)                Please, configure your TeX system to add them and
(babel)                rebuild the format. Now I will use the patterns
(babel)                preloaded for \language=0 instead on input line 36.

Package babel Info: Hyphen rules for 'vietnamese' set to \l@english
(babel)             (\language0). Reported on input line 37.
Package babel Info: Hyphen rules for 'vietnam' set to \l@english
(babel)             (\language0). Reported on input line 38.
Loading definitions for the Vietnamese font encoding
(/usr/share/texlive/texmf-dist/tex/latex/vntex/t5enc.def
File: t5enc.def 2006/11/21 v1.4 Vietnamese T5 encoding
Now handling font encoding T5 ...
... processing UTF-8 mapping file for font encoding T5

(/usr/share/texlive/texmf-dist/tex/latex/vntex/t5enc.dfu
File: t5enc.dfu 2006/08/19 v1.1 UTF8 support for Vietnamese
   defining Unicode char U+00AB (decimal 171)
   defining Unicode char U+00BB (decimal 187)
   defining Unicode char U+00C0 (decimal 192)
   defining Unicode char U+00C1 (decimal 193)
   defining Unicode char U+00C2 (decimal 194)
   defining Unicode char U+00C3 (decimal 195)
   defining Unicode char U+00C8 (decimal 200)
   defining Unicode char U+00C9 (decimal 201)
   defining Unicode char U+00CA (decimal 202)
   defining Unicode char U+00CC (decimal 204)
   defining Unicode char U+00CD (decimal 205)
   defining Unicode char U+00D2 (decimal 210)
   defining Unicode char U+00D3 (decimal 211)
   defining Unicode char U+00D4 (decimal 212)
   defining Unicode char U+00D5 (decimal 213)
   defining Unicode char U+00D9 (decimal 217)
   defining Unicode char U+00DA (decimal 218)
   defining Unicode char U+00DD (decimal 221)
   defining Unicode char U+00E0 (decimal 224)
   defining Unicode char U+00E1 (decimal 225)
   defining Unicode char U+00E2 (decimal 226)
   defining Unicode char U+00E3 (decimal 227)
   defining Unicode char U+00E8 (decimal 232)
   defining Unicode char U+00E9 (decimal 233)
   defining Unicode char U+00EA (decimal 234)
   defining Unicode char U+00EC (decimal 236)
   defining Unicode char U+00ED (decimal 237)
   defining Unicode char U+00F2 (decimal 242)
   defining Unicode char U+00F3 (decimal 243)
   defining Unicode char U+00F4 (decimal 244)
   defining Unicode char U+00F5 (decimal 245)
   defining Unicode char U+00F9 (decimal 249)
   defining Unicode char U+00FA (decimal 250)
   defining Unicode char U+00FD (decimal 253)
   defining Unicode char U+0102 (decimal 258)
   defining Unicode char U+0103 (decimal 259)
   defining Unicode char U+0110 (decimal 272)
   defining Unicode char U+0111 (decimal 273)
   defining Unicode char U+0128 (decimal 296)
   defining Unicode char U+0129 (decimal 297)
   defining Unicode char U+0131 (decimal 305)
   defining Unicode char U+0168 (decimal 360)
   defining Unicode char U+0169 (decimal 361)
   defining Unicode char U+01A0 (decimal 416)
   defining Unicode char U+01A1 (decimal 417)
   defining Unicode char U+01AF (decimal 431)
   defining Unicode char U+01B0 (decimal 432)
   defining Unicode char U+1EA0 (decimal 7840)
   defining Unicode char U+1EA1 (decimal 7841)
   defining Unicode char U+1EA2 (decimal 7842)
   defining Unicode char U+1EA3 (decimal 7843)
   defining Unicode char U+1EA4 (decimal 7844)
   defining Unicode char U+1EA5 (decimal 7845)
   defining Unicode char U+1EA6 (decimal 7846)
   defining Unicode char U+1EA7 (decimal 7847)
   defining Unicode char U+1EA8 (decimal 7848)
   defining Unicode char U+1EA9 (decimal 7849)
   defining Unicode char U+1EAA (decimal 7850)
   defining Unicode char U+1EAB (decimal 7851)
   defining Unicode char U+1EAC (decimal 7852)
   defining Unicode char U+1EAD (decimal 7853)
   defining Unicode char U+1EAE (decimal 7854)
   defining Unicode char U+1EAF (decimal 7855)
   defining Unicode char U+1EB0 (decimal 7856)
   defining Unicode char U+1EB1 (decimal 7857)
   defining Unicode char U+1EB2 (decimal 7858)
   defining Unicode char U+1EB3 (decimal 7859)
   defining Unicode char U+1EB4 (decimal 7860)
   defining Unicode char U+1EB5 (decimal 7861)
   defining Unicode char U+1EB6 (decimal 7862)
   defining Unicode char U+1EB7 (decimal 7863)
   defining Unicode char U+1EB8 (decimal 7864)
   defining Unicode char U+1EB9 (decimal 7865)
   defining Unicode char U+1EBA (decimal 7866)
   defining Unicode char U+1EBB (decimal 7867)
   defining Unicode char U+1EBC (decimal 7868)
   defining Unicode char U+1EBD (decimal 7869)
   defining Unicode char U+1EBE (decimal 7870)
   defining Unicode char U+1EBF (decimal 7871)
   defining Unicode char U+1EC0 (decimal 7872)
   defining Unicode char U+1EC1 (decimal 7873)
   defining Unicode char U+1EC2 (decimal 7874)
   defining Unicode char U+1EC3 (decimal 7875)
   defining Unicode char U+1EC4 (decimal 7876)
   defining Unicode char U+1EC5 (decimal 7877)
   defining Unicode char U+1EC6 (decimal 7878)
   defining Unicode char U+1EC7 (decimal 7879)
   defining Unicode char U+1EC8 (decimal 7880)
   defining Unicode char U+1EC9 (decimal 7881)
   defining Unicode char U+1ECA (decimal 7882)
   defining Unicode char U+1ECB (decimal 7883)
   defining Unicode char U+1ECC (decimal 7884)
   defining Unicode char U+1ECD (decimal 7885)
   defining Unicode char U+1ECE (decimal 7886)
   defining Unicode char U+1ECF (decimal 7887)
   defining Unicode char U+1ED0 (decimal 7888)
   defining Unicode char U+1ED1 (decimal 7889)
   defining Unicode char U+1ED2 (decimal 7890)
   defining Unicode char U+1ED3 (decimal 7891)
   defining Unicode char U+1ED4 (decimal 7892)
   defining Unicode char U+1ED5 (decimal 7893)
   defining Unicode char U+1ED6 (decimal 7894)
   defining Unicode char U+1ED7 (decimal 7895)
   defining Unicode char U+1ED8 (decimal 7896)
   defining Unicode char U+1ED9 (decimal 7897)
   defining Unicode char U+1EDA (decimal 7898)
   defining Unicode char U+1EDB (decimal 7899)
   defining Unicode char U+1EDC (decimal 7900)
   defining Unicode char U+1EDD (decimal 7901)
   defining Unicode char U+1EDE (decimal 7902)
   defining Unicode char U+1EDF (decimal 7903)
   defining Unicode char U+1EE0 (decimal 7904)
   defining Unicode char U+1EE1 (decimal 7905)
   defining Unicode char U+1EE2 (decimal 7906)
   defining Unicode char U+1EE3 (decimal 7907)
   defining Unicode char U+1EE4 (decimal 7908)
   defining Unicode char U+1EE5 (decimal 7909)
   defining Unicode char U+1EE6 (decimal 7910)
   defining Unicode char U+1EE7 (decimal 7911)
   defining Unicode char U+1EE8 (decimal 7912)
   defining Unicode char U+1EE9 (decimal 7913)
   defining Unicode char U+1EEA (decimal 7914)
   defining Unicode char U+1EEB (decimal 7915)
   defining Unicode char U+1EEC (decimal 7916)
   defining Unicode char U+1EED (decimal 7917)
   defining Unicode char U+1EEE (decimal 7918)
   defining Unicode char U+1EEF (decimal 7919)
   defining Unicode char U+1EF0 (decimal 7920)
   defining Unicode char U+1EF1 (decimal 7921)
   defining Unicode char U+1EF2 (decimal 7922)
   defining Unicode char U+1EF3 (decimal 7923)
   defining Unicode char U+1EF4 (decimal 7924)
   defining Unicode char U+1EF5 (decimal 7925)
   defining Unicode char U+1EF6 (decimal 7926)
   defining Unicode char U+1EF7 (decimal 7927)
   defining Unicode char U+1EF8 (decimal 7928)
   defining Unicode char U+1EF9 (decimal 7929)
   defining Unicode char U+200C (decimal 8204)
   defining Unicode char U+2013 (decimal 8211)
   defining Unicode char U+2014 (decimal 8212)
   defining Unicode char U+2018 (decimal 8216)
   defining Unicode char U+2019 (decimal 8217)
   defining Unicode char U+201A (decimal 8218)
   defining Unicode char U+201C (decimal 8220)
   defining Unicode char U+201D (decimal 8221)
   defining Unicode char U+201E (decimal 8222)
   defining Unicode char U+2030 (decimal 8240)
   defining Unicode char U+2031 (decimal 8241)
   defining Unicode char U+2039 (decimal 8249)
   defining Unicode char U+203A (decimal 8250)
   defining Unicode char U+2423 (decimal 9251)
))
Package babel Info: Making " an active character on input line 147.
))
(/usr/share/texmf/tex/latex/tex-gyre/tgtermes.sty
Package: tgtermes 2009/09/27 v1.2 TeX Gyre Termes as default roman family

(/usr/share/texlive/texmf-dist/tex/latex/kvoptions/kvoptions.sty
Package: kvoptions 2020-10-07 v3.14 Key value format for package options (HO)

(/usr/share/texlive/texmf-dist/tex/generic/ltxcmds/ltxcmds.sty
Package: ltxcmds 2020-05-10 v1.25 LaTeX kernel commands for general use (HO)
)
(/usr/share/texlive/texmf-dist/tex/generic/kvsetkeys/kvsetkeys.sty
Package: kvsetkeys 2019/12/15 v1.18 Key value parser (HO)
)))
(/usr/share/texlive/texmf-dist/tex/latex/setspace/setspace.sty
Package: setspace 2011/12/19 v6.7a set line spacing
)
LaTeX Font Info:    Trying to load font information for T1+qtm on input line 12
.

(/usr/share/texmf/tex/latex/tex-gyre/t1qtm.fd
File: t1qtm.fd 2009/09/25 v1.2 font definition file for T1/qtm
)
(/usr/share/texlive/texmf-dist/tex/latex/caption/caption.sty
Package: caption 2020/10/26 v3.5g Customizing captions (AR)

(/usr/share/texlive/texmf-dist/tex/latex/caption/caption3.sty
Package: caption3 2020/10/21 v2.2e caption3 kernel (AR)
\captionmargin=\dimen141
\captionmargin@=\dimen142
\captionwidth=\dimen143
\caption@tempdima=\dimen144
\caption@indent=\dimen145
\caption@parindent=\dimen146
\caption@hangindent=\dimen147
Package caption Info: Standard document class detected.
)
\c@caption@flags=\count198
\c@continuedfloat=\count199
)
(/usr/share/texlive/texmf-dist/tex/latex/titlesec/titlesec.sty
Package: titlesec 2021/07/05 v2.14 Sectioning titles
\ttl@box=\box51
\beforetitleunit=\skip49
\aftertitleunit=\skip50
\ttl@plus=\dimen148
\ttl@minus=\dimen149
\ttl@toksa=\toks20
\titlewidth=\dimen150
\titlewidthlast=\dimen151
\titlewidthfirst=\dimen152
)
(/usr/share/texlive/texmf-dist/tex/latex/amsmath/amsmath.sty
Package: amsmath 2021/10/15 v2.17l AMS math features
\@mathmargin=\skip51

For additional information on amsmath, use the `?' option.
(/usr/share/texlive/texmf-dist/tex/latex/amsmath/amstext.sty
Package: amstext 2021/08/26 v2.01 AMS text

(/usr/share/texlive/texmf-dist/tex/latex/amsmath/amsgen.sty
File: amsgen.sty 1999/11/30 v2.0 generic functions
\@emptytoks=\toks21
\ex@=\dimen153
))
(/usr/share/texlive/texmf-dist/tex/latex/amsmath/amsbsy.sty
Package: amsbsy 1999/11/29 v1.2d Bold Symbols
\pmbraise@=\dimen154
)
(/usr/share/texlive/texmf-dist/tex/latex/amsmath/amsopn.sty
Package: amsopn 2021/08/26 v2.02 operator names
)
\inf@bad=\count266
LaTeX Info: Redefining \frac on input line 234.
\uproot@=\count267
\leftroot@=\count268
LaTeX Info: Redefining \overline on input line 399.
\classnum@=\count269
\DOTSCASE@=\count270
LaTeX Info: Redefining \ldots on input line 496.
LaTeX Info: Redefining \dots on input line 499.
LaTeX Info: Redefining \cdots on input line 620.
\Mathstrutbox@=\box52
\strutbox@=\box53
\big@size=\dimen155
LaTeX Font Info:    Redeclaring font encoding OML on input line 743.
LaTeX Font Info:    Redeclaring font encoding OMS on input line 744.
\macc@depth=\count271
\c@MaxMatrixCols=\count272
\dotsspace@=\muskip16
\c@parentequation=\count273
\dspbrk@lvl=\count274
\tag@help=\toks22
\row@=\count275
\column@=\count276
\maxfields@=\count277
\andhelp@=\toks23
\eqnshift@=\dimen156
\alignsep@=\dimen157
\tagshift@=\dimen158
\tagwidth@=\dimen159
\totwidth@=\dimen160
\lineht@=\dimen161
\@envbody=\toks24
\multlinegap=\skip52
\multlinetaggap=\skip53
\mathdisplay@stack=\toks25
LaTeX Info: Redefining \[ on input line 2938.
LaTeX Info: Redefining \] on input line 2939.
)
(/usr/share/texlive/texmf-dist/tex/latex/amsfonts/amssymb.sty
Package: amssymb 2013/01/14 v3.01 AMS font symbols

(/usr/share/texlive/texmf-dist/tex/latex/amsfonts/amsfonts.sty
Package: amsfonts 2013/01/14 v3.01 Basic AMSFonts support
\symAMSa=\mathgroup4
\symAMSb=\mathgroup5
LaTeX Font Info:    Redeclaring math symbol \hbar on input line 98.
LaTeX Font Info:    Overwriting math alphabet `\mathfrak' in version `bold'
(Font)                  U/euf/m/n --> U/euf/b/n on input line 106.
))
(/usr/share/texlive/texmf-dist/tex/latex/graphics/graphicx.sty
Package: graphicx 2021/09/16 v1.2d Enhanced LaTeX Graphics (DPC,SPQR)

(/usr/share/texlive/texmf-dist/tex/latex/graphics/graphics.sty
Package: graphics 2021/03/04 v1.4d Standard LaTeX Graphics (DPC,SPQR)

(/usr/share/texlive/texmf-dist/tex/latex/graphics/trig.sty
Package: trig 2021/08/11 v1.11 sin cos tan (DPC)
)
(/usr/share/texlive/texmf-dist/tex/latex/graphics-cfg/graphics.cfg
File: graphics.cfg 2016/06/04 v1.11 sample graphics configuration
)
Package graphics Info: Driver file: pdftex.def on input line 107.

(/usr/share/texlive/texmf-dist/tex/latex/graphics-def/pdftex.def
File: pdftex.def 2020/10/05 v1.2a Graphics/color driver for pdftex
))
\Gin@req@height=\dimen162
\Gin@req@width=\dimen163
)
(/usr/share/texlive/texmf-dist/tex/latex/caption/subcaption.sty
Package: subcaption 2020/10/07 v1.3j Sub-captions (AR)
\c@subfigure=\count278
\c@subtable=\count279
)
(/usr/share/texlive/texmf-dist/tex/latex/booktabs/booktabs.sty
Package: booktabs 2020/01/12 v1.61803398 Publication quality tables
\heavyrulewidth=\dimen164
\lightrulewidth=\dimen165
\cmidrulewidth=\dimen166
\belowrulesep=\dimen167
\belowbottomsep=\dimen168
\aboverulesep=\dimen169
\abovetopsep=\dimen170
\cmidrulesep=\dimen171
\cmidrulekern=\dimen172
\defaultaddspace=\dimen173
\@cmidla=\count280
\@cmidlb=\count281
\@aboverulesep=\dimen174
\@belowrulesep=\dimen175
\@thisruleclass=\count282
\@lastruleclass=\count283
\@thisrulewidth=\dimen176
)
(/usr/share/texlive/texmf-dist/tex/latex/tools/array.sty
Package: array 2021/10/04 v2.5f Tabular extension package (FMi)
\col@sep=\dimen177
\ar@mcellbox=\box54
\extrarowheight=\dimen178
\NC@list=\toks26
\extratabsurround=\skip54
\backup@length=\skip55
\ar@cellbox=\box55
)
(/usr/share/texlive/texmf-dist/tex/latex/fancyhdr/fancyhdr.sty
Package: fancyhdr 2021/01/28 v4.0.1 Extensive control of page headers and foote
rs
\f@nch@headwidth=\skip56
\f@nch@O@elh=\skip57
\f@nch@O@erh=\skip58
\f@nch@O@olh=\skip59
\f@nch@O@orh=\skip60
\f@nch@O@elf=\skip61
\f@nch@O@erf=\skip62
\f@nch@O@olf=\skip63
\f@nch@O@orf=\skip64
)
(/usr/share/texlive/texmf-dist/tex/latex/multirow/multirow.sty
Package: multirow 2021/03/15 v2.8 Span multiple rows of a table
\multirow@colwidth=\skip65
\multirow@cntb=\count284
\multirow@dima=\skip66
\bigstrutjot=\dimen179
)
(/usr/share/texlive/texmf-dist/tex/latex/algorithm2e/algorithm2e.sty
Package: algorithm2e 2017/07/18 v5.2 algorithms environments
\c@AlgoLine=\count285

(/usr/share/texlive/texmf-dist/tex/latex/base/ifthen.sty
Package: ifthen 2020/11/24 v1.1c Standard LaTeX ifthen package (DPC)
)
\algocf@hangindent=\skip67

(/usr/share/texlive/texmf-dist/tex/latex/ifoddpage/ifoddpage.sty
Package: ifoddpage 2016/04/23 v1.1 Conditionals for odd/even page detection
\c@checkoddpage=\count286
)
(/usr/share/texlive/texmf-dist/tex/latex/tools/xspace.sty
Package: xspace 2014/10/28 v1.13 Space after command names (DPC,MH)
)
(/usr/share/texlive/texmf-dist/tex/latex/relsize/relsize.sty
Package: relsize 2013/03/29 ver 4.1
LaTeX Info: Redefining \larger on input line 150.
)
\skiptotal=\skip68
\skiplinenumber=\skip69
\skiprule=\skip70
\skiphlne=\skip71
\skiptext=\skip72
\skiplength=\skip73
\algomargin=\skip74
\skipalgocfslide=\skip75
\algowidth=\dimen180
\inoutsize=\dimen181
\inoutindent=\dimen182
\interspacetitleruled=\dimen183
\interspacealgoruled=\dimen184
\interspacetitleboxruled=\dimen185
\algocf@ruledwidth=\skip76
\algocf@inoutbox=\box56
\algocf@inputbox=\box57
\AlCapSkip=\skip77
\AlCapHSkip=\skip78
\algoskipindent=\skip79
\algocf@nlbox=\box58
\algocf@hangingbox=\box59
\algocf@untilbox=\box60
\algocf@skipuntil=\skip80
\algocf@capbox=\box61
\algocf@lcaptionbox=\skip81
\algoheightruledefault=\skip82
\algoheightrule=\skip83
\algotitleheightruledefault=\skip84
\algotitleheightrule=\skip85
\c@algocfline=\count287
\c@algocfproc=\count288
\c@algocf=\count289
\algocf@algoframe=\box62
\algocf@algobox=\box63
)
(/usr/share/texlive/texmf-dist/tex/latex/hyperref/hyperref.sty
Package: hyperref 2021-06-07 v7.00m Hypertext links for LaTeX

(/usr/share/texlive/texmf-dist/tex/generic/iftex/iftex.sty
Package: iftex 2020/03/06 v1.0d TeX engine tests
)
(/usr/share/texlive/texmf-dist/tex/generic/pdftexcmds/pdftexcmds.sty
Package: pdftexcmds 2020-06-27 v0.33 Utility functions of pdfTeX for LuaTeX (HO
)

(/usr/share/texlive/texmf-dist/tex/generic/infwarerr/infwarerr.sty
Package: infwarerr 2019/12/03 v1.5 Providing info/warning/error messages (HO)
)
Package pdftexcmds Info: \pdf@primitive is available.
Package pdftexcmds Info: \pdf@ifprimitive is available.
Package pdftexcmds Info: \pdfdraftmode found.
)
(/usr/share/texlive/texmf-dist/tex/generic/kvdefinekeys/kvdefinekeys.sty
Package: kvdefinekeys 2019-12-19 v1.6 Define keys (HO)
)
(/usr/share/texlive/texmf-dist/tex/generic/pdfescape/pdfescape.sty
Package: pdfescape 2019/12/09 v1.15 Implements pdfTeX's escape features (HO)
)
(/usr/share/texlive/texmf-dist/tex/latex/hycolor/hycolor.sty
Package: hycolor 2020-01-27 v1.10 Color options for hyperref/bookmark (HO)
)
(/usr/share/texlive/texmf-dist/tex/latex/letltxmacro/letltxmacro.sty
Package: letltxmacro 2019/12/03 v1.6 Let assignment for LaTeX macros (HO)
)
(/usr/share/texlive/texmf-dist/tex/latex/auxhook/auxhook.sty
Package: auxhook 2019-12-17 v1.6 Hooks for auxiliary files (HO)
)
\@linkdim=\dimen186
\Hy@linkcounter=\count290
\Hy@pagecounter=\count291

(/usr/share/texlive/texmf-dist/tex/latex/hyperref/pd1enc.def
File: pd1enc.def 2021-06-07 v7.00m Hyperref: PDFDocEncoding definition (HO)
Now handling font encoding PD1 ...
... no UTF-8 mapping file for font encoding PD1
)
(/usr/share/texlive/texmf-dist/tex/latex/hyperref/hyperref-langpatches.def
File: hyperref-langpatches.def 2021-06-07 v7.00m Hyperref: patches for babel la
nguages
)
(/usr/share/texlive/texmf-dist/tex/generic/intcalc/intcalc.sty
Package: intcalc 2019/12/15 v1.3 Expandable calculations with integers (HO)
)
(/usr/share/texlive/texmf-dist/tex/generic/etexcmds/etexcmds.sty
Package: etexcmds 2019/12/15 v1.7 Avoid name clashes with e-TeX commands (HO)
)
\Hy@SavedSpaceFactor=\count292

(/usr/share/texlive/texmf-dist/tex/latex/hyperref/puenc.def
File: puenc.def 2021-06-07 v7.00m Hyperref: PDF Unicode definition (HO)
Now handling font encoding PU ...
... no UTF-8 mapping file for font encoding PU
)
Package hyperref Info: Hyper figures OFF on input line 4192.
Package hyperref Info: Link nesting OFF on input line 4197.
Package hyperref Info: Hyper index ON on input line 4200.
Package hyperref Info: Plain pages OFF on input line 4207.
Package hyperref Info: Backreferencing OFF on input line 4212.
Package hyperref Info: Implicit mode ON; LaTeX internals redefined.
Package hyperref Info: Bookmarks ON on input line 4445.
\c@Hy@tempcnt=\count293

(/usr/share/texlive/texmf-dist/tex/latex/url/url.sty
\Urlmuskip=\muskip17
Package: url 2013/09/16  ver 3.4  Verb mode for urls, etc.
)
LaTeX Info: Redefining \url on input line 4804.
\XeTeXLinkMargin=\dimen187

(/usr/share/texlive/texmf-dist/tex/generic/bitset/bitset.sty
Package: bitset 2019/12/09 v1.3 Handle bit-vector datatype (HO)

(/usr/share/texlive/texmf-dist/tex/generic/bigintcalc/bigintcalc.sty
Package: bigintcalc 2019/12/15 v1.5 Expandable calculations on big integers (HO
)
))
\Fld@menulength=\count294
\Field@Width=\dimen188
\Fld@charsize=\dimen189
Package hyperref Info: Hyper figures OFF on input line 6076.
Package hyperref Info: Link nesting OFF on input line 6081.
Package hyperref Info: Hyper index ON on input line 6084.
Package hyperref Info: backreferencing OFF on input line 6091.
Package hyperref Info: Link coloring OFF on input line 6096.
Package hyperref Info: Link coloring with OCG OFF on input line 6101.
Package hyperref Info: PDF/A mode OFF on input line 6106.
LaTeX Info: Redefining \ref on input line 6146.
LaTeX Info: Redefining \pageref on input line 6150.

(/usr/share/texlive/texmf-dist/tex/latex/base/atbegshi-ltx.sty
Package: atbegshi-ltx 2021/01/10 v1.0c Emulation of the original atbegshi
package with kernel methods
)
\Hy@abspage=\count295
\c@Item=\count296
\c@Hfootnote=\count297
)
Package hyperref Info: Driver (autodetected): hpdftex.

(/usr/share/texlive/texmf-dist/tex/latex/hyperref/hpdftex.def
File: hpdftex.def 2021-06-07 v7.00m Hyperref driver for pdfTeX

(/usr/share/texlive/texmf-dist/tex/latex/base/atveryend-ltx.sty
Package: atveryend-ltx 2020/08/19 v1.0a Emulation of the original atveryend pac
kage
with kernel methods
)
\Fld@listcount=\count298
\c@bookmark@seq@number=\count299

(/usr/share/texlive/texmf-dist/tex/latex/rerunfilecheck/rerunfilecheck.sty
Package: rerunfilecheck 2019/12/05 v1.9 Rerun checks for auxiliary files (HO)

(/usr/share/texlive/texmf-dist/tex/generic/uniquecounter/uniquecounter.sty
Package: uniquecounter 2019/12/15 v1.4 Provide unlimited unique counter (HO)
)
Package uniquecounter Info: New unique counter `rerunfilecheck' on input line 2
86.
)
\Hy@SectionHShift=\skip86
)
(/usr/share/texlive/texmf-dist/tex/latex/float/float.sty
Package: float 2001/11/08 v1.3d Float enhancements (AL)
\c@float@type=\count300
\float@exts=\toks27
\float@box=\box64
\@float@everytoks=\toks28
\@floatcapt=\box65
)
(/usr/share/texlive/texmf-dist/tex/latex/makecell/makecell.sty
Package: makecell 2009/08/03 V0.1e Managing of Tab Column Heads and Cells
\rotheadsize=\dimen190
\c@nlinenum=\count301
\TeXr@lab=\toks29
)
(./sty/bkthesis.sty

LaTeX Warning: You have requested package `sty/bkthesis',
               but the package provides `bkthesis'.

Package: bkthesis 
(/usr/share/texlive/texmf-dist/tex/latex/vntex/vietnam.sty
Package: vietnam 2009/07/12 v1.3 support for Vietnamese

(/usr/share/texlive/texmf-dist/tex/latex/base/fontenc.sty
Package: fontenc 2021/04/29 v2.0v Standard LaTeX package
LaTeX Font Info:    Trying to load font information for T5+qtm on input line 11
2.

(/usr/share/texmf/tex/latex/tex-gyre/t5qtm.fd
File: t5qtm.fd 2009/09/25 v1.2 font definition file for T5/qtm
))

Package vietnam Warning: No input encoding specified, using VISCII as default o
n input line 84.

(/usr/share/texlive/texmf-dist/tex/latex/vntex/vncaps.tex
File: vncaps.tex 2006/06/07 v1.1 Captions in Vietnamese
))
(/usr/share/texlive/texmf-dist/tex/latex/geometry/geometry.sty
Package: geometry 2020/01/02 v5.9 Page Geometry

(/usr/share/texlive/texmf-dist/tex/generic/iftex/ifvtex.sty
Package: ifvtex 2019/10/25 v1.7 ifvtex legacy package. Use iftex instead.
)
\Gm@cnth=\count302
\Gm@cntv=\count303
\c@Gm@tempcnt=\count304
\Gm@bindingoffset=\dimen191
\Gm@wd@mp=\dimen192
\Gm@odd@mp=\dimen193
\Gm@even@mp=\dimen194
\Gm@layoutwidth=\dimen195
\Gm@layoutheight=\dimen196
\Gm@layouthoffset=\dimen197
\Gm@layoutvoffset=\dimen198
\Gm@dimlist=\toks30
)
(/usr/share/texlive/texmf-dist/tex/latex/pgf/frontendlayer/tikz.sty
(/usr/share/texlive/texmf-dist/tex/latex/pgf/basiclayer/pgf.sty
(/usr/share/texlive/texmf-dist/tex/latex/pgf/utilities/pgfrcs.sty
(/usr/share/texlive/texmf-dist/tex/generic/pgf/utilities/pgfutil-common.tex
\pgfutil@everybye=\toks31
\pgfutil@tempdima=\dimen199
\pgfutil@tempdimb=\dimen256

(/usr/share/texlive/texmf-dist/tex/generic/pgf/utilities/pgfutil-common-lists.t
ex)) (/usr/share/texlive/texmf-dist/tex/generic/pgf/utilities/pgfutil-latex.def
\pgfutil@abb=\box66
) (/usr/share/texlive/texmf-dist/tex/generic/pgf/utilities/pgfrcs.code.tex
(/usr/share/texlive/texmf-dist/tex/generic/pgf/pgf.revision.tex)
Package: pgfrcs 2021/05/15 v3.1.9a (3.1.9a)
))
Package: pgf 2021/05/15 v3.1.9a (3.1.9a)

(/usr/share/texlive/texmf-dist/tex/latex/pgf/basiclayer/pgfcore.sty
(/usr/share/texlive/texmf-dist/tex/latex/pgf/systemlayer/pgfsys.sty
(/usr/share/texlive/texmf-dist/tex/generic/pgf/systemlayer/pgfsys.code.tex
Package: pgfsys 2021/05/15 v3.1.9a (3.1.9a)

(/usr/share/texlive/texmf-dist/tex/generic/pgf/utilities/pgfkeys.code.tex
\pgfkeys@pathtoks=\toks32
\pgfkeys@temptoks=\toks33

(/usr/share/texlive/texmf-dist/tex/generic/pgf/utilities/pgfkeysfiltered.code.t
ex
\pgfkeys@tmptoks=\toks34
))
\pgf@x=\dimen257
\pgf@y=\dimen258
\pgf@xa=\dimen259
\pgf@ya=\dimen260
\pgf@xb=\dimen261
\pgf@yb=\dimen262
\pgf@xc=\dimen263
\pgf@yc=\dimen264
\pgf@xd=\dimen265
\pgf@yd=\dimen266
\w@pgf@writea=\write3
\r@pgf@reada=\read3
\c@pgf@counta=\count305
\c@pgf@countb=\count306
\c@pgf@countc=\count307
\c@pgf@countd=\count308
\t@pgf@toka=\toks35
\t@pgf@tokb=\toks36
\t@pgf@tokc=\toks37
\pgf@sys@id@count=\count309
 (/usr/share/texlive/texmf-dist/tex/generic/pgf/systemlayer/pgf.cfg
File: pgf.cfg 2021/05/15 v3.1.9a (3.1.9a)
)
Driver file for pgf: pgfsys-pdftex.def

(/usr/share/texlive/texmf-dist/tex/generic/pgf/systemlayer/pgfsys-pdftex.def
File: pgfsys-pdftex.def 2021/05/15 v3.1.9a (3.1.9a)

(/usr/share/texlive/texmf-dist/tex/generic/pgf/systemlayer/pgfsys-common-pdf.de
f
File: pgfsys-common-pdf.def 2021/05/15 v3.1.9a (3.1.9a)
)))
(/usr/share/texlive/texmf-dist/tex/generic/pgf/systemlayer/pgfsyssoftpath.code.
tex
File: pgfsyssoftpath.code.tex 2021/05/15 v3.1.9a (3.1.9a)
\pgfsyssoftpath@smallbuffer@items=\count310
\pgfsyssoftpath@bigbuffer@items=\count311
)
(/usr/share/texlive/texmf-dist/tex/generic/pgf/systemlayer/pgfsysprotocol.code.
tex
File: pgfsysprotocol.code.tex 2021/05/15 v3.1.9a (3.1.9a)
)) (/usr/share/texlive/texmf-dist/tex/latex/xcolor/xcolor.sty
Package: xcolor 2021/10/31 v2.13 LaTeX color extensions (UK)

(/usr/share/texlive/texmf-dist/tex/latex/graphics-cfg/color.cfg
File: color.cfg 2016/01/02 v1.6 sample color configuration
)
Package xcolor Info: Driver file: pdftex.def on input line 227.
Package xcolor Info: Model `cmy' substituted by `cmy0' on input line 1352.
Package xcolor Info: Model `hsb' substituted by `rgb' on input line 1356.
Package xcolor Info: Model `RGB' extended on input line 1368.
Package xcolor Info: Model `HTML' substituted by `rgb' on input line 1370.
Package xcolor Info: Model `Hsb' substituted by `hsb' on input line 1371.
Package xcolor Info: Model `tHsb' substituted by `hsb' on input line 1372.
Package xcolor Info: Model `HSB' substituted by `hsb' on input line 1373.
Package xcolor Info: Model `Gray' substituted by `gray' on input line 1374.
Package xcolor Info: Model `wave' substituted by `hsb' on input line 1375.
)
(/usr/share/texlive/texmf-dist/tex/generic/pgf/basiclayer/pgfcore.code.tex
Package: pgfcore 2021/05/15 v3.1.9a (3.1.9a)

(/usr/share/texlive/texmf-dist/tex/generic/pgf/math/pgfmath.code.tex
(/usr/share/texlive/texmf-dist/tex/generic/pgf/math/pgfmathcalc.code.tex
(/usr/share/texlive/texmf-dist/tex/generic/pgf/math/pgfmathutil.code.tex)
(/usr/share/texlive/texmf-dist/tex/generic/pgf/math/pgfmathparser.code.tex
\pgfmath@dimen=\dimen267
\pgfmath@count=\count312
\pgfmath@box=\box67
\pgfmath@toks=\toks38
\pgfmath@stack@operand=\toks39
\pgfmath@stack@operation=\toks40
)
(/usr/share/texlive/texmf-dist/tex/generic/pgf/math/pgfmathfunctions.code.tex
(/usr/share/texlive/texmf-dist/tex/generic/pgf/math/pgfmathfunctions.basic.code
.tex)
(/usr/share/texlive/texmf-dist/tex/generic/pgf/math/pgfmathfunctions.trigonomet
ric.code.tex)
(/usr/share/texlive/texmf-dist/tex/generic/pgf/math/pgfmathfunctions.random.cod
e.tex)
(/usr/share/texlive/texmf-dist/tex/generic/pgf/math/pgfmathfunctions.comparison
.code.tex)
(/usr/share/texlive/texmf-dist/tex/generic/pgf/math/pgfmathfunctions.base.code.
tex)
(/usr/share/texlive/texmf-dist/tex/generic/pgf/math/pgfmathfunctions.round.code
.tex)
(/usr/share/texlive/texmf-dist/tex/generic/pgf/math/pgfmathfunctions.misc.code.
tex)
(/usr/share/texlive/texmf-dist/tex/generic/pgf/math/pgfmathfunctions.integerari
thmetics.code.tex)))
(/usr/share/texlive/texmf-dist/tex/generic/pgf/math/pgfmathfloat.code.tex
\c@pgfmathroundto@lastzeros=\count313
))
(/usr/share/texlive/texmf-dist/tex/generic/pgf/math/pgfint.code.tex)
(/usr/share/texlive/texmf-dist/tex/generic/pgf/basiclayer/pgfcorepoints.code.te
x
File: pgfcorepoints.code.tex 2021/05/15 v3.1.9a (3.1.9a)
\pgf@picminx=\dimen268
\pgf@picmaxx=\dimen269
\pgf@picminy=\dimen270
\pgf@picmaxy=\dimen271
\pgf@pathminx=\dimen272
\pgf@pathmaxx=\dimen273
\pgf@pathminy=\dimen274
\pgf@pathmaxy=\dimen275
\pgf@xx=\dimen276
\pgf@xy=\dimen277
\pgf@yx=\dimen278
\pgf@yy=\dimen279
\pgf@zx=\dimen280
\pgf@zy=\dimen281
)
(/usr/share/texlive/texmf-dist/tex/generic/pgf/basiclayer/pgfcorepathconstruct.
code.tex
File: pgfcorepathconstruct.code.tex 2021/05/15 v3.1.9a (3.1.9a)
\pgf@path@lastx=\dimen282
\pgf@path@lasty=\dimen283
)
(/usr/share/texlive/texmf-dist/tex/generic/pgf/basiclayer/pgfcorepathusage.code
.tex
File: pgfcorepathusage.code.tex 2021/05/15 v3.1.9a (3.1.9a)
\pgf@shorten@end@additional=\dimen284
\pgf@shorten@start@additional=\dimen285
)
(/usr/share/texlive/texmf-dist/tex/generic/pgf/basiclayer/pgfcorescopes.code.te
x
File: pgfcorescopes.code.tex 2021/05/15 v3.1.9a (3.1.9a)
\pgfpic=\box68
\pgf@hbox=\box69
\pgf@layerbox@main=\box70
\pgf@picture@serial@count=\count314
)
(/usr/share/texlive/texmf-dist/tex/generic/pgf/basiclayer/pgfcoregraphicstate.c
ode.tex
File: pgfcoregraphicstate.code.tex 2021/05/15 v3.1.9a (3.1.9a)
\pgflinewidth=\dimen286
)
(/usr/share/texlive/texmf-dist/tex/generic/pgf/basiclayer/pgfcoretransformation
s.code.tex
File: pgfcoretransformations.code.tex 2021/05/15 v3.1.9a (3.1.9a)
\pgf@pt@x=\dimen287
\pgf@pt@y=\dimen288
\pgf@pt@temp=\dimen289
)
(/usr/share/texlive/texmf-dist/tex/generic/pgf/basiclayer/pgfcorequick.code.tex
File: pgfcorequick.code.tex 2021/05/15 v3.1.9a (3.1.9a)
)
(/usr/share/texlive/texmf-dist/tex/generic/pgf/basiclayer/pgfcoreobjects.code.t
ex
File: pgfcoreobjects.code.tex 2021/05/15 v3.1.9a (3.1.9a)
)
(/usr/share/texlive/texmf-dist/tex/generic/pgf/basiclayer/pgfcorepathprocessing
.code.tex
File: pgfcorepathprocessing.code.tex 2021/05/15 v3.1.9a (3.1.9a)
)
(/usr/share/texlive/texmf-dist/tex/generic/pgf/basiclayer/pgfcorearrows.code.te
x
File: pgfcorearrows.code.tex 2021/05/15 v3.1.9a (3.1.9a)
\pgfarrowsep=\dimen290
)
(/usr/share/texlive/texmf-dist/tex/generic/pgf/basiclayer/pgfcoreshade.code.tex
File: pgfcoreshade.code.tex 2021/05/15 v3.1.9a (3.1.9a)
\pgf@max=\dimen291
\pgf@sys@shading@range@num=\count315
\pgf@shadingcount=\count316
)
(/usr/share/texlive/texmf-dist/tex/generic/pgf/basiclayer/pgfcoreimage.code.tex
File: pgfcoreimage.code.tex 2021/05/15 v3.1.9a (3.1.9a)

(/usr/share/texlive/texmf-dist/tex/generic/pgf/basiclayer/pgfcoreexternal.code.
tex
File: pgfcoreexternal.code.tex 2021/05/15 v3.1.9a (3.1.9a)
\pgfexternal@startupbox=\box71
))
(/usr/share/texlive/texmf-dist/tex/generic/pgf/basiclayer/pgfcorelayers.code.te
x
File: pgfcorelayers.code.tex 2021/05/15 v3.1.9a (3.1.9a)
)
(/usr/share/texlive/texmf-dist/tex/generic/pgf/basiclayer/pgfcoretransparency.c
ode.tex
File: pgfcoretransparency.code.tex 2021/05/15 v3.1.9a (3.1.9a)
)
(/usr/share/texlive/texmf-dist/tex/generic/pgf/basiclayer/pgfcorepatterns.code.
tex
File: pgfcorepatterns.code.tex 2021/05/15 v3.1.9a (3.1.9a)
)
(/usr/share/texlive/texmf-dist/tex/generic/pgf/basiclayer/pgfcorerdf.code.tex
File: pgfcorerdf.code.tex 2021/05/15 v3.1.9a (3.1.9a)
)))
(/usr/share/texlive/texmf-dist/tex/generic/pgf/modules/pgfmoduleshapes.code.tex
File: pgfmoduleshapes.code.tex 2021/05/15 v3.1.9a (3.1.9a)
\pgfnodeparttextbox=\box72
) (/usr/share/texlive/texmf-dist/tex/generic/pgf/modules/pgfmoduleplot.code.tex
File: pgfmoduleplot.code.tex 2021/05/15 v3.1.9a (3.1.9a)
)
(/usr/share/texlive/texmf-dist/tex/latex/pgf/compatibility/pgfcomp-version-0-65
.sty
Package: pgfcomp-version-0-65 2021/05/15 v3.1.9a (3.1.9a)
\pgf@nodesepstart=\dimen292
\pgf@nodesepend=\dimen293
)
(/usr/share/texlive/texmf-dist/tex/latex/pgf/compatibility/pgfcomp-version-1-18
.sty
Package: pgfcomp-version-1-18 2021/05/15 v3.1.9a (3.1.9a)
)) (/usr/share/texlive/texmf-dist/tex/latex/pgf/utilities/pgffor.sty
(/usr/share/texlive/texmf-dist/tex/latex/pgf/utilities/pgfkeys.sty
(/usr/share/texlive/texmf-dist/tex/generic/pgf/utilities/pgfkeys.code.tex))
(/usr/share/texlive/texmf-dist/tex/latex/pgf/math/pgfmath.sty
(/usr/share/texlive/texmf-dist/tex/generic/pgf/math/pgfmath.code.tex))
(/usr/share/texlive/texmf-dist/tex/generic/pgf/utilities/pgffor.code.tex
Package: pgffor 2021/05/15 v3.1.9a (3.1.9a)

(/usr/share/texlive/texmf-dist/tex/generic/pgf/math/pgfmath.code.tex)
\pgffor@iter=\dimen294
\pgffor@skip=\dimen295
\pgffor@stack=\toks41
\pgffor@toks=\toks42
))
(/usr/share/texlive/texmf-dist/tex/generic/pgf/frontendlayer/tikz/tikz.code.tex
Package: tikz 2021/05/15 v3.1.9a (3.1.9a)

(/usr/share/texlive/texmf-dist/tex/generic/pgf/libraries/pgflibraryplothandlers
.code.tex
File: pgflibraryplothandlers.code.tex 2021/05/15 v3.1.9a (3.1.9a)
\pgf@plot@mark@count=\count317
\pgfplotmarksize=\dimen296
)
\tikz@lastx=\dimen297
\tikz@lasty=\dimen298
\tikz@lastxsaved=\dimen299
\tikz@lastysaved=\dimen300
\tikz@lastmovetox=\dimen301
\tikz@lastmovetoy=\dimen302
\tikzleveldistance=\dimen303
\tikzsiblingdistance=\dimen304
\tikz@figbox=\box73
\tikz@figbox@bg=\box74
\tikz@tempbox=\box75
\tikz@tempbox@bg=\box76
\tikztreelevel=\count318
\tikznumberofchildren=\count319
\tikznumberofcurrentchild=\count320
\tikz@fig@count=\count321

(/usr/share/texlive/texmf-dist/tex/generic/pgf/modules/pgfmodulematrix.code.tex
File: pgfmodulematrix.code.tex 2021/05/15 v3.1.9a (3.1.9a)
\pgfmatrixcurrentrow=\count322
\pgfmatrixcurrentcolumn=\count323
\pgf@matrix@numberofcolumns=\count324
)
\tikz@expandcount=\count325

(/usr/share/texlive/texmf-dist/tex/generic/pgf/frontendlayer/tikz/libraries/tik
zlibrarytopaths.code.tex
File: tikzlibrarytopaths.code.tex 2021/05/15 v3.1.9a (3.1.9a)
)))
(/usr/share/texlive/texmf-dist/tex/generic/pgf/frontendlayer/tikz/libraries/tik
zlibrarycalc.code.tex
File: tikzlibrarycalc.code.tex 2021/05/15 v3.1.9a (3.1.9a)
)
(/usr/share/texlive/texmf-dist/tex/latex/tools/indentfirst.sty
Package: indentfirst 1995/11/23 v1.03 Indent first paragraph (DPC)
))
(/usr/share/texlive/texmf-dist/tex/latex/tools/longtable.sty
Package: longtable 2021-09-01 v4.17 Multi-page Table package (DPC)
\LTleft=\skip87
\LTright=\skip88
\LTpre=\skip89
\LTpost=\skip90
\LTchunksize=\count326
\LTcapwidth=\dimen305
\LT@head=\box77
\LT@firsthead=\box78
\LT@foot=\box79
\LT@lastfoot=\box80
\LT@gbox=\box81
\LT@cols=\count327
\LT@rows=\count328
\c@LT@tables=\count329
\c@LT@chunks=\count330
\LT@p@ftn=\toks43
)
(/usr/share/texlive/texmf-dist/tex/latex/comment/comment.sty
\CommentStream=\write4

Excluding comment 'comment') (./thesis.aux (./chapter/appendix.aux))
\openout1 = `thesis.aux'.

LaTeX Font Info:    Checking defaults for OML/cmm/m/it on input line 89.
LaTeX Font Info:    ... okay on input line 89.
LaTeX Font Info:    Checking defaults for OMS/cmsy/m/n on input line 89.
LaTeX Font Info:    ... okay on input line 89.
LaTeX Font Info:    Checking defaults for OT1/cmr/m/n on input line 89.
LaTeX Font Info:    ... okay on input line 89.
LaTeX Font Info:    Checking defaults for T1/cmr/m/n on input line 89.
LaTeX Font Info:    ... okay on input line 89.
LaTeX Font Info:    Checking defaults for TS1/cmr/m/n on input line 89.
LaTeX Font Info:    ... okay on input line 89.
LaTeX Font Info:    Checking defaults for OMX/cmex/m/n on input line 89.
LaTeX Font Info:    ... okay on input line 89.
LaTeX Font Info:    Checking defaults for U/cmr/m/n on input line 89.
LaTeX Font Info:    ... okay on input line 89.
LaTeX Font Info:    Checking defaults for T5/cmr/m/n on input line 89.
LaTeX Font Info:    Trying to load font information for T5+cmr on input line 89
.

(/usr/share/texlive/texmf-dist/tex/latex/vntex/t5cmr.fd
File: t5cmr.fd 1999/05/25 v2.5h Standard LaTeX font definitions
)
LaTeX Font Info:    ... okay on input line 89.
LaTeX Font Info:    Checking defaults for PD1/pdf/m/n on input line 89.
LaTeX Font Info:    ... okay on input line 89.
LaTeX Font Info:    Checking defaults for PU/pdf/m/n on input line 89.
LaTeX Font Info:    ... okay on input line 89.
Package caption Info: Begin \AtBeginDocument code.
Package caption Info: float package is loaded.
Package caption Info: hyperref package is loaded.
Package caption Info: longtable package is loaded.

(/usr/share/texlive/texmf-dist/tex/latex/caption/ltcaption.sty
Package: ltcaption 2020/05/30 v1.4b longtable captions (AR)
)
Package caption Info: End \AtBeginDocument code.

(/usr/share/texlive/texmf-dist/tex/context/base/mkii/supp-pdf.mkii
[Loading MPS to PDF converter (version 2006.09.02).]
\scratchcounter=\count331
\scratchdimen=\dimen306
\scratchbox=\box82
\nofMPsegments=\count332
\nofMParguments=\count333
\everyMPshowfont=\toks44
\MPscratchCnt=\count334
\MPscratchDim=\dimen307
\MPnumerator=\count335
\makeMPintoPDFobject=\count336
\everyMPtoPDFconversion=\toks45
) (/usr/share/texlive/texmf-dist/tex/latex/epstopdf-pkg/epstopdf-base.sty
Package: epstopdf-base 2020-01-24 v2.11 Base part for package epstopdf
Package epstopdf-base Info: Redefining graphics rule for `.eps' on input line 4
85.

(/usr/share/texlive/texmf-dist/tex/latex/latexconfig/epstopdf-sys.cfg
File: epstopdf-sys.cfg 2010/07/13 v1.3 Configuration of (r)epstopdf for TeX Liv
e
))
Package hyperref Info: Link coloring OFF on input line 89.

(/usr/share/texlive/texmf-dist/tex/latex/hyperref/nameref.sty
Package: nameref 2021-04-02 v2.47 Cross-referencing by name of section

(/usr/share/texlive/texmf-dist/tex/latex/refcount/refcount.sty
Package: refcount 2019/12/15 v3.6 Data extraction from label references (HO)
)
(/usr/share/texlive/texmf-dist/tex/generic/gettitlestring/gettitlestring.sty
Package: gettitlestring 2019/12/15 v1.6 Cleanup title references (HO)
)
\c@section@level=\count337
)
LaTeX Info: Redefining \ref on input line 89.
LaTeX Info: Redefining \pageref on input line 89.
LaTeX Info: Redefining \nameref on input line 89.

(./thesis.out) (./thesis.out)
\@outlinefile=\write5
\openout5 = `thesis.out'.


*geometry* driver: auto-detecting
*geometry* detected driver: pdftex
*geometry* verbose mode - [ preamble ] result:
* driver: pdftex
* paper: a4paper
* layout: <same size as paper>
* layoutoffset:(h,v)=(0.0pt,0.0pt)
* modes: 
* h-part:(L,W,R)=(113.81102pt, 412.56497pt, 71.13188pt)
* v-part:(T,H,B)=(113.81102pt, 660.10394pt, 71.13188pt)
* \paperwidth=597.50787pt
* \paperheight=845.04684pt
* \textwidth=412.56497pt
* \textheight=660.10394pt
* \oddsidemargin=41.54103pt
* \evensidemargin=41.54103pt
* \topmargin=9.66724pt
* \headheight=12.0pt
* \headsep=19.8738pt
* \topskip=12.0pt
* \footskip=30.0pt
* \marginparwidth=38.0pt
* \marginparsep=7.0pt
* \columnsep=10.0pt
* \skip\footins=11.69997pt plus 5.19942pt minus 2.60054pt
* \hoffset=0.0pt
* \voffset=0.0pt
* \mag=1000
* \@twocolumnfalse
* \@twosidefalse
* \@mparswitchfalse
* \@reversemarginfalse
* (1in=72.27pt=25.4mm, 1cm=28.453pt)

<Images//misc/logobk.png, id=488, 291.0072pt x 293.898pt>
File: Images//misc/logobk.png Graphic file (type png)
<use Images//misc/logobk.png>
Package pdftex.def Info: Images//misc/logobk.png  used on input line 103.
(pdftex.def)             Requested size: 101.85403pt x 102.86583pt.
LaTeX Font Info:    Calculating math sizes for size <14> on input line 103.
LaTeX Font Info:    Trying to load font information for U+msa on input line 103
.
(/usr/share/texlive/texmf-dist/tex/latex/amsfonts/umsa.fd
File: umsa.fd 2013/01/14 v3.01 AMS symbols A
)
LaTeX Font Info:    Trying to load font information for U+msb on input line 103
.

(/usr/share/texlive/texmf-dist/tex/latex/amsfonts/umsb.fd
File: umsb.fd 2013/01/14 v3.01 AMS symbols B
)
LaTeX Font Info:    Calculating math sizes for size <13> on input line 103.


LaTeX Font Warning: Font shape `OT1/cmr/m/n' in size <6.5> not available
(Font)              size <6> substituted on input line 103.


LaTeX Font Warning: Font shape `OML/cmm/m/it' in size <13> not available
(Font)              size <12> substituted on input line 103.


LaTeX Font Warning: Font shape `OML/cmm/m/it' in size <6.5> not available
(Font)              size <6> substituted on input line 103.


LaTeX Font Warning: Font shape `OMS/cmsy/m/n' in size <13> not available
(Font)              size <12> substituted on input line 103.


LaTeX Font Warning: Font shape `OMS/cmsy/m/n' in size <6.5> not available
(Font)              size <6> substituted on input line 103.

[1

{/var/lib/texmf/fonts/map/pdftex/updmap/pdftex.map} <./Images//misc/logobk.png>
]
Underfull \hbox (badness 10000) in paragraph at lines 109--123

 []

LaTeX Font Info:    Calculating math sizes for size <10.83347> on input line 13
1.

LaTeX Font Warning: Font shape `OT1/cmr/m/n' in size <7.58339> not available
(Font)              size <8> substituted on input line 131.


LaTeX Font Warning: Font shape `OT1/cmr/m/n' in size <5.41673> not available
(Font)              size <5> substituted on input line 131.


LaTeX Font Warning: Font shape `OML/cmm/m/it' in size <7.58339> not available
(Font)              size <8> substituted on input line 131.


LaTeX Font Warning: Font shape `OML/cmm/m/it' in size <5.41673> not available
(Font)              size <5> substituted on input line 131.


LaTeX Font Warning: Font shape `OMS/cmsy/m/n' in size <7.58339> not available
(Font)              size <8> substituted on input line 131.


LaTeX Font Warning: Font shape `OMS/cmsy/m/n' in size <5.41673> not available
(Font)              size <5> substituted on input line 131.

[2] [3

] [1



] [2


]
Overfull \hbox (10.0715pt too wide) in paragraph at lines 268--269
\T5/qtm/b/n/13 T¯ kh‚a: \T5/qtm/m/n/13 Robot bËn ch•n, ^^_Îng hÂc ngh‡ch, ^^_a 
th˘c b™c n´m, MAT-LAB/Simulink,
 []

[3] (./thesis.toc [4


] [5] [6] [7])
\tf@toc=\write6
\openout6 = `thesis.toc'.

 [8] (./thesis.lot
LaTeX Font Info:    Trying to load font information for TS1+qtm on input line 2
6.

(/usr/share/texmf/tex/latex/tex-gyre/ts1qtm.fd
File: ts1qtm.fd 2009/09/25 v1.2 font definition file for TS1/qtm
) [9

])
\tf@lot=\write7
\openout7 = `thesis.lot'.

 [10] (./thesis.lof
Overfull \hbox (5.4242pt too wide) in paragraph at lines 18--18
 [][] [][]\T5/qtm/m/n/13 MÊ hºnh mÎt ch•n cıa robot bËn ch•n ^^_˜Òc x•y d¸ng b¨
ng ph˜Ïng 
 []

[11

]

LaTeX Font Warning: Font shape `OT1/cmr/bx/n' in size <13> not available
(Font)              size <12> substituted on input line 27.


LaTeX Font Warning: Font shape `OT1/cmr/bx/n' in size <6.5> not available
(Font)              size <6> substituted on input line 27.

[12]
Overfull \hbox (4.35811pt too wide) in paragraph at lines 54--54
 [][] [][]\T5/qtm/m/n/13 Cßu trÛc khËi ^^_Ëi t˜Òng mÊ ph‰ng ph£n hÁi tr§ng th°i
 (Quadruped 
 []

LaTeX Font Info:    Trying to load font information for T5+cmtt on input line 6
4.
(/usr/share/texlive/texmf-dist/tex/latex/vntex/t5cmtt.fd
File: t5cmtt.fd 1999/05/25 v2.5h Standard LaTeX font definitions
) [13])
\tf@lof=\write8
\openout8 = `thesis.lof'.

 [14]
(./chapter/ch1_gioithieu.tex
Ch\uhorn \ohorn ng 1.
pdfTeX warning (ext4): destination with the same identifier (name{page.1}) has 
been already used, duplicate ignored
<to be read again> 
                   \relax 
l.15 
      [1


]pdfTeX warning (ext4): destination with the same identifier (name{page.2}) has
 been already used, duplicate ignored
<to be read again> 
                   \relax 
l.30 V
      ·ªÅ ph∆∞∆°ng ph√°p quy ho·∫°ch d√°ng ƒëi, Marhefka v√† Orin \cite{marh...
[2]pdfTeX warning (ext4): destination with the same identifier (name{page.3}) h
as been already used, duplicate ignored
<to be read again> 
                   \relax 
l.47 \end{itemize}
                   [3] [4] [5] [6]
Overfull \hbox (3.74548pt too wide) in paragraph at lines 131--131
[]|\T5/qtm/b/n/13 STT| 
 []


Overfull \hbox (3.74548pt too wide) in paragraph at lines 136--136
[]|\T5/qtm/b/n/13 STT| 
 []


Underfull \hbox (badness 10000) in paragraph at lines 161--162
\T5/qtm/m/n/13 MAT-LAB/Simulink nh¨m mÊ ph‰ng,
 []

[7] [8] [9]) (./chapter/ch2_lythuyet.tex [10]
Ch\uhorn \ohorn ng 2.
(./chapter/chapter2_content.tex
<Images//hardware/robot_overview.png, id=1002, 2409.0pt x 1606.0pt>
File: Images//hardware/robot_overview.png Graphic file (type png)
<use Images//hardware/robot_overview.png>
Package pdftex.def Info: Images//hardware/robot_overview.png  used on input lin
e 11.
(pdftex.def)             Requested size: 288.79422pt x 192.51564pt.
 [11

]
<Images//hardware/serial_leg_both_sides.png, id=1008, 175.65625pt x 149.55875pt
>
File: Images//hardware/serial_leg_both_sides.png Graphic file (type png)
<use Images//hardware/serial_leg_both_sides.png>
Package pdftex.def Info: Images//hardware/serial_leg_both_sides.png  used on in
put line 23.
(pdftex.def)             Requested size: 247.54149pt x 210.78201pt.
 [12 <./Images//hardware/robot_overview.png>]
<Images//hardware/mechanical_model.png, id=1015, 314.17375pt x 203.76125pt>
File: Images//hardware/mechanical_model.png Graphic file (type png)
<use Images//hardware/mechanical_model.png>
Package pdftex.def Info: Images//hardware/mechanical_model.png  used on input l
ine 32.
(pdftex.def)             Requested size: 247.54149pt x 160.54366pt.
 [13 <./Images//hardware/serial_leg_both_sides.png> <./Images//hardware/mechani
cal_model.png>]
<Images//hardware/mechanical_model_branch.png, id=1023, 291.0875pt x 175.65625p
t>
File: Images//hardware/mechanical_model_branch.png Graphic file (type png)
<use Images//hardware/mechanical_model_branch.png>
Package pdftex.def Info: Images//hardware/mechanical_model_branch.png  used on 
input line 41.
(pdftex.def)             Requested size: 247.54149pt x 149.38087pt.
 [14 <./Images//hardware/mechanical_model_branch.png>]
<Images//hardware/structure_topology_front.png, id=1031, 421.575pt x 135.50626p
t>
File: Images//hardware/structure_topology_front.png Graphic file (type png)
<use Images//hardware/structure_topology_front.png>
Package pdftex.def Info: Images//hardware/structure_topology_front.png  used on
 input line 62.
(pdftex.def)             Requested size: 247.54149pt x 79.56754pt.
<Images//kinematics/single_leg_3dof.png, id=1032, 175.65625pt x 250.9375pt>
File: Images//kinematics/single_leg_3dof.png Graphic file (type png)
<use Images//kinematics/single_leg_3dof.png>
Package pdftex.def Info: Images//kinematics/single_leg_3dof.png  used on input 
line 72.
(pdftex.def)             Requested size: 247.54149pt x 353.66109pt.

[15 <./Images//hardware/structure_topology_front.png>] [16 <./Images//kinematic
s/single_leg_3dof.png>] [17]
<Images//gait_planner/trot_gait_table.png, id=1051, 313.17pt x 100.375pt>
File: Images//gait_planner/trot_gait_table.png Graphic file (type png)
<use Images//gait_planner/trot_gait_table.png>
Package pdftex.def Info: Images//gait_planner/trot_gait_table.png  used on inpu
t line 112.
(pdftex.def)             Requested size: 247.54149pt x 79.34285pt.
<Images//gait_planner/walk_gait_table.png, id=1052, 313.17pt x 113.92563pt>
File: Images//gait_planner/walk_gait_table.png Graphic file (type png)
<use Images//gait_planner/walk_gait_table.png>
Package pdftex.def Info: Images//gait_planner/walk_gait_table.png  used on inpu
t line 121.
(pdftex.def)             Requested size: 247.54149pt x 90.05414pt.
<Images//gait_planner/pace_gait_table.png, id=1053, 313.17pt x 113.92563pt>
File: Images//gait_planner/pace_gait_table.png Graphic file (type png)
<use Images//gait_planner/pace_gait_table.png>
Package pdftex.def Info: Images//gait_planner/pace_gait_table.png  used on inpu
t line 130.
(pdftex.def)             Requested size: 247.54149pt x 90.05414pt.
 [18 <./Images//gait_planner/trot_gait_table.png> <./Images//gait_planner/walk_
gait_table.png> <./Images//gait_planner/pace_gait_table.png>]
<Images//gait_planner/bound_gait_table.png, id=1062, 313.17pt x 113.92563pt>
File: Images//gait_planner/bound_gait_table.png Graphic file (type png)
<use Images//gait_planner/bound_gait_table.png>
Package pdftex.def Info: Images//gait_planner/bound_gait_table.png  used on inp
ut line 139.
(pdftex.def)             Requested size: 247.54149pt x 90.05414pt.
<Images//gait_planner/gallop_gait_table.png, id=1063, 313.17pt x 113.92563pt>
File: Images//gait_planner/gallop_gait_table.png Graphic file (type png)
<use Images//gait_planner/gallop_gait_table.png>
Package pdftex.def Info: Images//gait_planner/gallop_gait_table.png  used on in
put line 148.
(pdftex.def)             Requested size: 247.54149pt x 90.05414pt.

Overfull \hbox (1.29552pt too wide) in paragraph at lines 162--163
[]\T5/qtm/b/n/13 Bi∂n Ín ^^_‡nh tænh \T5/qtm/m/n/13 (Static Sta-bil-ity Mar-gin
 -- SSM) ^^_˜Òc ^^_‡nh nghæa l† kho£ng
 []

[19 <./Images//gait_planner/bound_gait_table.png> <./Images//gait_planner/gallo
p_gait_table.png>]
<Images//kinematics/static_stability_a.png, id=1071, 494.84875pt x 436.63126pt>

File: Images//kinematics/static_stability_a.png Graphic file (type png)
<use Images//kinematics/static_stability_a.png>
Package pdftex.def Info: Images//kinematics/static_stability_a.png  used on inp
ut line 176.
(pdftex.def)             Requested size: 198.02942pt x 174.72935pt.
<Images//kinematics/static_stability_b.png, id=1072, 709.65125pt x 623.32875pt>

File: Images//kinematics/static_stability_b.png Graphic file (type png)
<use Images//kinematics/static_stability_b.png>
Package pdftex.def Info: Images//kinematics/static_stability_b.png  used on inp
ut line 182.
(pdftex.def)             Requested size: 198.02942pt x 173.94116pt.
 [20 <./Images//kinematics/static_stability_a.png> <./Images//kinematics/static
_stability_b.png>]
<Images//architecture/Proportional-Integral-Derivative.png, id=1085, 853.1875pt
 x 396.48125pt>
File: Images//architecture/Proportional-Integral-Derivative.png Graphic file (t
ype png)
<use Images//architecture/Proportional-Integral-Derivative.png>
Package pdftex.def Info: Images//architecture/Proportional-Integral-Derivative.
png  used on input line 223.
(pdftex.def)             Requested size: 330.05322pt x 153.3808pt.
 [21] [22 <./Images//architecture/Proportional-Integral-Derivative.png>] [23] [
24] [25] [26] [27])
<Images//kinematics/model_reference_frame.png, id=1139, 898.35625pt x 727.71875
pt>
File: Images//kinematics/model_reference_frame.png Graphic file (type png)
<use Images//kinematics/model_reference_frame.png>
Package pdftex.def Info: Images//kinematics/model_reference_frame.png  used on 
input line 14.
(pdftex.def)             Requested size: 288.79422pt x 233.94075pt.
 [28] [29 <./Images//kinematics/model_reference_frame.png>]
<Images//kinematics/dh_coordinate_system.png, id=1152, 188.20313pt x 188.20313p
t>
File: Images//kinematics/dh_coordinate_system.png Graphic file (type png)
<use Images//kinematics/dh_coordinate_system.png>
Package pdftex.def Info: Images//kinematics/dh_coordinate_system.png  used on i
nput line 34.
(pdftex.def)             Requested size: 247.54149pt x 247.55873pt.


LaTeX Font Warning: Font shape `OML/cmm/b/it' in size <13> not available
(Font)              size <12> substituted on input line 48.


LaTeX Font Warning: Font shape `OML/cmm/b/it' in size <6.5> not available
(Font)              size <6> substituted on input line 48.


LaTeX Font Warning: Font shape `OMS/cmsy/b/n' in size <13> not available
(Font)              size <12> substituted on input line 48.


LaTeX Font Warning: Font shape `OMS/cmsy/b/n' in size <6.5> not available
(Font)              size <6> substituted on input line 48.

LaTeX Font Info:    Calculating math sizes for size <11.86258> on input line 57
.
[30 <./Images//kinematics/dh_coordinate_system.png>] [31] [32] [33] [34]
[35] [36] [37]
<Images//gait_planner/trot_gait_timing.png, id=1222, 432.61626pt x 105.89563pt>

File: Images//gait_planner/trot_gait_timing.png Graphic file (type png)
<use Images//gait_planner/trot_gait_timing.png>
Package pdftex.def Info: Images//gait_planner/trot_gait_timing.png  used on inp
ut line 364.
(pdftex.def)             Requested size: 247.54149pt x 60.5938pt.
 [38 <./Images//gait_planner/trot_gait_timing.png>]
<Images//gait_planner/single_leg_trajectory.png, id=1230, 440.847pt x 242.8272p
t>
File: Images//gait_planner/single_leg_trajectory.png Graphic file (type png)
<use Images//gait_planner/single_leg_trajectory.png>
Package pdftex.def Info: Images//gait_planner/single_leg_trajectory.png  used o
n input line 399.
(pdftex.def)             Requested size: 247.54149pt x 136.34912pt.
 [39 <./Images//gait_planner/single_leg_trajectory.png>]
<Images//gait_planner/cubic_pva.pdf, id=1237, 558.79045pt x 710.10982pt>
File: Images//gait_planner/cubic_pva.pdf Graphic file (type pdf)
<use Images//gait_planner/cubic_pva.pdf>
Package pdftex.def Info: Images//gait_planner/cubic_pva.pdf  used on input line
 433.
(pdftex.def)             Requested size: 330.05322pt x 419.4271pt.
 [40] [41 <./Images//gait_planner/cubic_pva.pdf>]
<Images//gait_planner/quintic_pva.pdf, id=1301, 571.58766pt x 710.10982pt>
File: Images//gait_planner/quintic_pva.pdf Graphic file (type pdf)
<use Images//gait_planner/quintic_pva.pdf>
Package pdftex.def Info: Images//gait_planner/quintic_pva.pdf  used on input li
ne 461.
(pdftex.def)             Requested size: 330.05322pt x 410.05447pt.
 [42 <./Images//gait_planner/quintic_pva.pdf>]
<Images//gait_planner/cubic_vs_quintic.pdf, id=1363, 571.146pt x 710.10982pt>
File: Images//gait_planner/cubic_vs_quintic.pdf Graphic file (type pdf)
<use Images//gait_planner/cubic_vs_quintic.pdf>
Package pdftex.def Info: Images//gait_planner/cubic_vs_quintic.pdf  used on inp
ut line 493.
(pdftex.def)             Requested size: 330.05322pt x 410.3687pt.
 [43] [44 <./Images//gait_planner/cubic_vs_quintic.pdf>] [45]
<Images//gait_planner/gait_generator.png, id=1439, 770.88pt x 358.33875pt>
File: Images//gait_planner/gait_generator.png Graphic file (type png)
<use Images//gait_planner/gait_generator.png>
Package pdftex.def Info: Images//gait_planner/gait_generator.png  used on input
 line 542.
(pdftex.def)             Requested size: 330.05322pt x 153.42105pt.
 [46 <./Images//gait_planner/gait_generator.png>] [47] [48]
<Images//img_matlab/fig-PID.png, id=1471, 2824.5525pt x 1541.76pt>
File: Images//img_matlab/fig-PID.png Graphic file (type png)
<use Images//img_matlab/fig-PID.png>
Package pdftex.def Info: Images//img_matlab/fig-PID.png  used on input line 644
.
(pdftex.def)             Requested size: 412.56497pt x 225.18448pt.
 [49]
<Images//architecture/locomotion_balance_controller.png, id=1477, 2826.56pt x 1
541.76pt>
File: Images//architecture/locomotion_balance_controller.png Graphic file (type
 png)
<use Images//architecture/locomotion_balance_controller.png>
Package pdftex.def Info: Images//architecture/locomotion_balance_controller.png
  used on input line 657.
(pdftex.def)             Requested size: 412.56497pt x 225.0198pt.
 [50 <./Images//img_matlab/fig-PID.png>] [51 <./Images//architecture/locomotion
_balance_controller.png>] [52]
<Images//kinematics/attitude_adjustment.png, id=1495, 1218.5525pt x 328.22626pt
>
File: Images//kinematics/attitude_adjustment.png Graphic file (type png)
<use Images//kinematics/attitude_adjustment.png>
Package pdftex.def Info: Images//kinematics/attitude_adjustment.png  used on in
put line 704.
(pdftex.def)             Requested size: 371.30595pt x 100.01118pt.
 [53] [54 <./Images//kinematics/attitude_adjustment.png>]) (./chapter/ch3_thiet
kecung.tex [55]
Ch\uhorn \ohorn ng 3.
<Images//hardware/body_part_c.png, id=1514, 466.74374pt x 221.82875pt>
File: Images//hardware/body_part_c.png Graphic file (type png)
<use Images//hardware/body_part_c.png>
Package pdftex.def Info: Images//hardware/body_part_c.png  used on input line 2
9.
(pdftex.def)             Requested size: 247.54149pt x 117.6499pt.
[56

]
<Images//hardware/body_part_b.png, id=1520, 550.055pt x 295.1025pt>
File: Images//hardware/body_part_b.png Graphic file (type png)
<use Images//hardware/body_part_b.png>
Package pdftex.def Info: Images//hardware/body_part_b.png  used on input line 3
6.
(pdftex.def)             Requested size: 247.54149pt x 132.8039pt.
<Images//hardware/body_part_a.png, id=1521, 328.22626pt x 215.80624pt>
File: Images//hardware/body_part_a.png Graphic file (type png)
<use Images//hardware/body_part_a.png>
Package pdftex.def Info: Images//hardware/body_part_a.png  used on input line 4
3.
(pdftex.def)             Requested size: 247.54149pt x 162.75983pt.
 [57 <./Images//hardware/body_part_c.png> <./Images//hardware/body_part_b.png> 
<./Images//hardware/body_part_a.png>]
<Images//hardware/hip_joint_assembly.jpg, id=1530, 1325.95375pt x 803.0pt>
File: Images//hardware/hip_joint_assembly.jpg Graphic file (type jpg)
<use Images//hardware/hip_joint_assembly.jpg>
Package pdftex.def Info: Images//hardware/hip_joint_assembly.jpg  used on input
 line 59.
(pdftex.def)             Requested size: 247.54149pt x 149.91273pt.
<Images//hardware/single_leg_assembly.jpg, id=1532, 1027.84pt x 735.74875pt>
File: Images//hardware/single_leg_assembly.jpg Graphic file (type jpg)
<use Images//hardware/single_leg_assembly.jpg>
Package pdftex.def Info: Images//hardware/single_leg_assembly.jpg  used on inpu
t line 76.
(pdftex.def)             Requested size: 247.54149pt x 177.18954pt.
 [58 <./Images//hardware/hip_joint_assembly.jpg>] [59 <./Images//hardware/singl
e_leg_assembly.jpg>]
<Images//hardware/servo_st3215.jpg, id=1545, 1160.335pt x 1122.1925pt>
File: Images//hardware/servo_st3215.jpg Graphic file (type jpg)
<use Images//hardware/servo_st3215.jpg>
Package pdftex.def Info: Images//hardware/servo_st3215.jpg  used on input line 
117.
(pdftex.def)             Requested size: 247.54149pt x 239.40025pt.
 [60] [61 <./Images//hardware/servo_st3215.jpg>]
<Images//hardware/servo_torque_analysis.png, id=1558, 376.40625pt x 338.76563pt
>
File: Images//hardware/servo_torque_analysis.png Graphic file (type png)
<use Images//hardware/servo_torque_analysis.png>
Package pdftex.def Info: Images//hardware/servo_torque_analysis.png  used on in
put line 168.
(pdftex.def)             Requested size: 247.54149pt x 222.79512pt.
 [62] [63 <./Images//hardware/servo_torque_analysis.png>]
<Images//hardware/free_body_diagram.png, id=1578, 752.8125pt x 451.6875pt>
File: Images//hardware/free_body_diagram.png Graphic file (type png)
<use Images//hardware/free_body_diagram.png>
Package pdftex.def Info: Images//hardware/free_body_diagram.png  used on input 
line 209.
(pdftex.def)             Requested size: 247.54149pt x 148.52663pt.
 [64 <./Images//hardware/free_body_diagram.png>] [65]
<Images//hardware/preview_design.png, id=1594, 617.80812pt x 316.68312pt>
File: Images//hardware/preview_design.png Graphic file (type png)
<use Images//hardware/preview_design.png>
Package pdftex.def Info: Images//hardware/preview_design.png  used on input lin
e 245.
(pdftex.def)             Requested size: 247.54149pt x 126.88844pt.

Overfull \hbox (11.17719pt too wide) in paragraph at lines 254--261
 [][] 
 []

<Images//architecture/system_overview.jpeg, id=1596, 1027.84pt x 603.25375pt>
File: Images//architecture/system_overview.jpeg Graphic file (type jpg)
<use Images//architecture/system_overview.jpeg>
Package pdftex.def Info: Images//architecture/system_overview.jpeg  used on inp
ut line 269.
(pdftex.def)             Requested size: 412.56497pt x 242.14407pt.
[66 <./Images//hardware/preview_design.png>]
<Images//real_robot/quadrupedrobot.jpeg, id=1603, 1027.84pt x 770.88pt>
File: Images//real_robot/quadrupedrobot.jpeg Graphic file (type jpg)
<use Images//real_robot/quadrupedrobot.jpeg>
Package pdftex.def Info: Images//real_robot/quadrupedrobot.jpeg  used on input 
line 278.
(pdftex.def)             Requested size: 350.68274pt x 263.01321pt.
 [67 <./Images//architecture/system_overview.jpeg>]
<Images//hardware/jetson_b01_specs.png, id=1609, 1565.85pt x 1241.63875pt>
File: Images//hardware/jetson_b01_specs.png Graphic file (type png)
<use Images//hardware/jetson_b01_specs.png>
Package pdftex.def Info: Images//hardware/jetson_b01_specs.png  used on input l
ine 291.
(pdftex.def)             Requested size: 330.05322pt x 261.69913pt.
 [68 <./Images//real_robot/quadrupedrobot.jpeg>] [69 <./Images//hardware/jetson
_b01_specs.png>]
<Images//hardware/power_supply_12v.png, id=1621, 752.8125pt x 752.8125pt>
File: Images//hardware/power_supply_12v.png Graphic file (type png)
<use Images//hardware/power_supply_12v.png>
Package pdftex.def Info: Images//hardware/power_supply_12v.png  used on input l
ine 308.
(pdftex.def)             Requested size: 247.54149pt x 247.54439pt.
 [70] [71 <./Images//hardware/power_supply_12v.png>] [72]
<Images//hardware/bus_servo_adapter.jpg, id=1635, 963.6pt x 712.6625pt>
File: Images//hardware/bus_servo_adapter.jpg Graphic file (type jpg)
<use Images//hardware/bus_servo_adapter.jpg>
Package pdftex.def Info: Images//hardware/bus_servo_adapter.jpg  used on input 
line 369.
(pdftex.def)             Requested size: 247.54149pt x 183.06952pt.
 [73]
<Images//hardware/imu_bno055.png, id=1641, 1003.75pt x 1003.75pt>
File: Images//hardware/imu_bno055.png Graphic file (type png)
<use Images//hardware/imu_bno055.png>
Package pdftex.def Info: Images//hardware/imu_bno055.png  used on input line 39
6.
(pdftex.def)             Requested size: 226.91199pt x 226.90613pt.
 [74 <./Images//hardware/bus_servo_adapter.jpg>]
Overfull \hbox (7.653pt too wide) in paragraph at lines 401--402
[]\T5/qtm/m/n/13 Module GY-BNO055 s h˙u kΩch th˜Óc c¸c k˝ nh‰ gÂn (20,9 mm $\O
MS/cmsy/m/n/12 ^^B$ \T5/qtm/m/n/13 11,9 mm),
 []


Overfull \hbox (112.80591pt too wide) in paragraph at lines 411--431
 [][] 
 []

[75 <./Images//hardware/imu_bno055.png>] [76]
<Images//hardware/buck_converter.jpg, id=1657, 1003.75pt x 1003.75pt>
File: Images//hardware/buck_converter.jpg Graphic file (type jpg)
<use Images//hardware/buck_converter.jpg>
Package pdftex.def Info: Images//hardware/buck_converter.jpg  used on input lin
e 440.
(pdftex.def)             Requested size: 247.54149pt x 247.53674pt.
 [77 <./Images//hardware/buck_converter.jpg>]
Underfull \hbox (badness 10000) in paragraph at lines 490--490
\T5/qtm/b/n/13 PWM truy∑n
 []


Underfull \hbox (badness 10000) in paragraph at lines 490--490
[]|\T5/qtm/b/n/13 ^^^Îng cÏ
 []


Underfull \hbox (badness 10000) in paragraph at lines 490--490
\T5/qtm/b/n/13 BLDC (TΩch
 []


Underfull \hbox (badness 10000) in paragraph at lines 490--490
[]|\T5/qtm/m/n/13 Xung PWM
 []


Underfull \hbox (badness 2809) in paragraph at lines 490--490
[]|\T5/qtm/m/n/13 CAN / RS485
 []


Underfull \hbox (badness 10000) in paragraph at lines 490--490
[]|\T5/qtm/m/n/13 UART b°n song
 []


Underfull \hbox (badness 1910) in paragraph at lines 490--490
[]|\T5/qtm/b/n/13 Hª thËng d•y
 []


Underfull \hbox (badness 10000) in paragraph at lines 490--490
[]|\T5/qtm/m/n/13 Rßt ph˘c t§p
 []


Underfull \hbox (badness 5622) in paragraph at lines 490--490
\T5/qtm/m/n/13 (MÈi mo-tor 1
 []


Underfull \hbox (badness 10000) in paragraph at lines 490--490
\T5/qtm/m/n/13 d•y tΩn hiªu
 []


Underfull \hbox (badness 5022) in paragraph at lines 490--490
[]|\T5/qtm/m/n/13 TËi gi£n (NËi
 []


Underfull \hbox (badness 10000) in paragraph at lines 490--490
\T5/qtm/m/n/13 ti∏p chuÈi -
 []


Underfull \hbox (badness 10000) in paragraph at lines 490--490
[]|\T5/qtm/b/n/13 Kh£ n´ng
 []


Underfull \hbox (badness 10000) in paragraph at lines 490--490
\T5/qtm/b/n/13 ph£n hÁi
 []


Underfull \hbox (badness 1810) in paragraph at lines 490--490
[]|\T5/qtm/m/n/13 V‡ trΩ, tËc ^^_Î,
 []


Underfull \hbox (badness 1062) in paragraph at lines 490--490
\T5/qtm/m/n/13 thßp ^^_∏n trung
 []


Underfull \hbox (badness 10000) in paragraph at lines 490--490
[]|\T5/qtm/m/n/13 N∞ng, cÁng
 []


Underfull \hbox (badness 10000) in paragraph at lines 490--490
[]|\T5/qtm/m/n/13 Thßp (Do
 []


Underfull \hbox (badness 10000) in paragraph at lines 490--490
\T5/qtm/m/n/13 hÁi v† thi∏u
 []


Underfull \hbox (badness 3713) in paragraph at lines 490--490
\T5/qtm/m/n/13 cÊng sußt, chi
 []

[78] [79]
Underfull \hbox (badness 10000) in paragraph at lines 515--515
[]|\T5/qtm/b/n/13 JX PDI-
 []


Underfull \hbox (badness 10000) in paragraph at lines 515--515
[]|\T5/qtm/b/n/13 Hiwonder
 []


Underfull \hbox (badness 10000) in paragraph at lines 515--515
[]|\T5/qtm/b/n/13 Waveshare
 []


Underfull \hbox (badness 10000) in paragraph at lines 515--515
\T5/qtm/b/n/13 ST3215 (^^^˜Òc
 []


Underfull \hbox (badness 10000) in paragraph at lines 515--515
[]|\T5/qtm/b/n/13 Dynamixel
 []


Underfull \hbox (badness 10000) in paragraph at lines 515--515
\T5/qtm/b/n/13 XL430-W250-
 []


Underfull \hbox (badness 10000) in paragraph at lines 515--515
[]|\T5/qtm/m/n/13 Xung PWM
 []


Underfull \hbox (badness 10000) in paragraph at lines 515--515
[]|\T5/qtm/m/n/13 TTL UART
 []


Underfull \hbox (badness 10000) in paragraph at lines 515--515
[]|\T5/qtm/m/n/13 TTL UART
 []


Underfull \hbox (badness 10000) in paragraph at lines 515--515
[]|\T5/qtm/m/n/13 TTL UART
 []


Underfull \hbox (badness 5077) in paragraph at lines 515--515
[]|\T5/qtm/b/n/13 L¸c xo≠n
 []


Underfull \hbox (badness 10000) in paragraph at lines 515--515
[]|\T5/qtm/m/n/13 32.3 kg.cm
 []


Underfull \hbox (badness 10000) in paragraph at lines 515--515
[]|\T5/qtm/m/n/13 17 kg.cm
 []


Underfull \hbox (badness 3068) in paragraph at lines 515--515
[]|\T5/qtm/m/n/13 30 kg.cm / 20
 []


Underfull \hbox (badness 10000) in paragraph at lines 515--515
[]|$\OMS/cmsy/m/n/12 ^^X$\T5/qtm/m/n/13 15.3 kg.cm
 []


Underfull \hbox (badness 10000) in paragraph at lines 515--515
\T5/qtm/m/n/13 (1.5 N.m
 []


Underfull \hbox (badness 1436) in paragraph at lines 515--515
[]|\T5/qtm/b/n/13 C£m bi∏n
 []


Underfull \hbox (badness 7099) in paragraph at lines 515--515
[]|\T5/qtm/m/n/13 T¯ tΩnh (Mag-
 []


Underfull \hbox (badness 10000) in paragraph at lines 515--515
\T5/qtm/m/n/13 netic En-coder
 []


Underfull \hbox (badness 10000) in paragraph at lines 515--515
[]|\T5/qtm/b/n/13 ^^^Î ph•n
 []


Underfull \hbox (badness 10000) in paragraph at lines 515--515
[]|\T5/qtm/b/n/13 TËc ^^_Î
 []


Underfull \hbox (badness 10000) in paragraph at lines 515--515
[]|\T5/qtm/m/n/13 50 Hz -
 []


Underfull \hbox (badness 10000) in paragraph at lines 515--515
\T5/qtm/m/n/13 330 Hz
 []


Underfull \hbox (badness 10000) in paragraph at lines 515--515
[]|\T5/qtm/m/n/13 L∂n ^^_∏n
 []


Underfull \hbox (badness 10000) in paragraph at lines 515--515
[]|\T5/qtm/b/n/13 BÎ ^^_i∑u
 []


Underfull \hbox (badness 4726) in paragraph at lines 515--515
[]|\T5/qtm/m/n/13 Cao cßp (PID
 []


Underfull \hbox (badness 10000) in paragraph at lines 515--515
[]|\T5/qtm/m/n/13 Trung bºnh
 []


Underfull \hbox (badness 10000) in paragraph at lines 515--515
\T5/qtm/m/n/13 ($\OMS/cmsy/m/n/12 ^^X$\T5/qtm/m/n/13 500.000
 []


Underfull \hbox (badness 10000) in paragraph at lines 515--515
[]|\T5/qtm/m/n/13 Thßp
 []


Underfull \hbox (badness 10000) in paragraph at lines 515--515
\T5/qtm/m/n/13 ($\OMS/cmsy/m/n/12 ^^X$\T5/qtm/m/n/13 300.000
 []


Underfull \hbox (badness 10000) in paragraph at lines 515--515
[]|\T5/qtm/m/n/13 Trung bºnh
 []


Underfull \hbox (badness 10000) in paragraph at lines 515--515
\T5/qtm/m/n/13 ($\OMS/cmsy/m/n/12 ^^X$\T5/qtm/m/n/13 500.000
 []


Underfull \hbox (badness 10000) in paragraph at lines 515--515
[]|\T5/qtm/m/n/13 Rßt cao
 []


Underfull \hbox (badness 10000) in paragraph at lines 515--515
\T5/qtm/m/n/13 ($\OMS/cmsy/m/n/12 ^^X$\T5/qtm/m/n/13 1.500.000
 []

[80] [81] [82]
Overfull \hbox (1.78769pt too wide) in paragraph at lines 528--529
[]\T5/qtm/m/it/13 KhÓp gËi (Knee): \T5/qtm/m/n/13 Y∂u c¶u v∑ l¸c t§i khÓp gËi t
hßp hÏn ^^_°ng k∫ (kho£ng
 []

<Images//hardware/system_wiring_diagram.jpg, id=1688, 2346.7675pt x 1798.72pt>
File: Images//hardware/system_wiring_diagram.jpg Graphic file (type jpg)
<use Images//hardware/system_wiring_diagram.jpg>
Package pdftex.def Info: Images//hardware/system_wiring_diagram.jpg  used on in
put line 538.
(pdftex.def)             Requested size: 412.56497pt x 316.20792pt.
[83] [84 <./Images//hardware/system_wiring_diagram.jpg>] [85]
<Images//control_sys/communication_protocols.png, id=1701, 294.09875pt x 192.72
pt>
File: Images//control_sys/communication_protocols.png Graphic file (type png)
<use Images//control_sys/communication_protocols.png>
Package pdftex.def Info: Images//control_sys/communication_protocols.png  used 
on input line 574.
(pdftex.def)             Requested size: 247.54149pt x 162.21303pt.
<Images//control_sys/i2c_data_frame.png, id=1702, 1248.665pt x 1144.275pt>
File: Images//control_sys/i2c_data_frame.png Graphic file (type png)
<use Images//control_sys/i2c_data_frame.png>
Package pdftex.def Info: Images//control_sys/i2c_data_frame.png  used on input 
line 584.
(pdftex.def)             Requested size: 247.54149pt x 226.84302pt.
 [86 <./Images//control_sys/communication_protocols.png>]
<Images//control_sys/wired_uart.png, id=1709, 1927.2pt x 1084.05pt>
File: Images//control_sys/wired_uart.png Graphic file (type png)
<use Images//control_sys/wired_uart.png>
Package pdftex.def Info: Images//control_sys/wired_uart.png  used on input line
 590.
(pdftex.def)             Requested size: 247.54149pt x 139.22769pt.
 [87 <./Images//control_sys/i2c_data_frame.png> <./Images//control_sys/wired_ua
rt.png (PNG copy)>] [88])
(./chapter/ch4_thietkemem.tex [89]
Ch\uhorn \ohorn ng 4.

Overfull \hbox (39.4269pt too wide) in paragraph at lines 22--23
\T5/cmtt/m/n/13 Node\T5/qtm/m/n/13 . Hai node n†y giao ti∏p nÎi bÎ vÓi nhau qua
 c°c topic \T5/cmtt/m/n/13 /posture/correction
 []

[90

]
<Images//architecture/simulation_rqt_graph.png, id=1732, 2826.56pt x 1541.76pt>

File: Images//architecture/simulation_rqt_graph.png Graphic file (type png)
<use Images//architecture/simulation_rqt_graph.png>
Package pdftex.def Info: Images//architecture/simulation_rqt_graph.png  used on
 input line 28.
(pdftex.def)             Requested size: 391.93546pt x 213.77469pt.
 [91 <./Images//architecture/simulation_rqt_graph.png>]
<Images//architecture/hardware_rqt_graph.png, id=1739, 2826.56pt x 1541.76pt>
File: Images//architecture/hardware_rqt_graph.png Graphic file (type png)
<use Images//architecture/hardware_rqt_graph.png>
Package pdftex.def Info: Images//architecture/hardware_rqt_graph.png  used on i
nput line 44.
(pdftex.def)             Requested size: 391.93546pt x 213.77469pt.

Overfull \hbox (1.47867pt too wide) in paragraph at lines 51--52
[]\T5/qtm/m/n/13 Hª thËng qu£n l˛ hai tr§ng th°i v™n h†nh rÌi r§c thÊng qua cÍn
g logic boolean: 
 []

[92 <./Images//architecture/hardware_rqt_graph.png>]
Underfull \hbox (badness 10000) in paragraph at lines 70--70
[]|\T5/qtm/b/n/13 NgÊn
 []


Overfull \hbox (17.24173pt too wide) in paragraph at lines 72--72
[]|\T5/cmtt/m/n/13 balance_controller| 
 []


Underfull \hbox (badness 2368) in paragraph at lines 74--74
[]|\T5/qtm/m/n/13 MÊ hºnh URDF, cßu hºnh Gazebo,
 []

[93]
Overfull \hbox (0.32306pt too wide) in paragraph at lines 86--87
\T5/qtm/m/n/13 topic \T5/cmtt/m/n/13 /posture/home_correction \T5/qtm/m/n/13 v†
 \T5/cmtt/m/n/13 /posture/gait_correction\T5/qtm/m/n/13 , °p
 []


Overfull \hbox (102.3154pt too wide) in paragraph at lines 93--94
[]\T5/qtm/b/n/13 Ch∏ ^^_Î mÊ ph‰ng: \T5/qtm/m/n/13 Xußt b£n lªnh mÊ-men (ef-for
t) l∂n topic \T5/cmtt/m/n/13 /effort_controller/commands
 []


Overfull \hbox (6.45468pt too wide) in paragraph at lines 93--94
\T5/qtm/m/n/13 ^^_∫ ^^_i∑u khi∫n robot trong Gazebo thÊng qua plu-gin \T5/cmtt/
m/n/13 gazebo_ros2_control\T5/qtm/m/n/13 . 
 []


Underfull \hbox (badness 2065) in paragraph at lines 108--108
[]|\T5/qtm/b/n/13 Ki∫u d˙
 []


Overfull \hbox (28.48682pt too wide) in paragraph at lines 113--113
[]|\T5/cmtt/m/n/13 /posture/home_correction| 
 []


Overfull \hbox (28.48682pt too wide) in paragraph at lines 114--114
[]|\T5/cmtt/m/n/13 /posture/gait_correction| 
 []


Overfull \hbox (1.73505pt too wide) in paragraph at lines 115--115
[]|\T5/cmtt/m/n/13 /posture/measurement| 
 []

[94] [95] [96]) (./chapter/ch5_ketqua.tex [97]
Ch\uhorn \ohorn ng 5.
<Images//img_matlab/fig1-PID-controller.png, id=1779, 824.07875pt x 270.00874pt
>
File: Images//img_matlab/fig1-PID-controller.png Graphic file (type png)
<use Images//img_matlab/fig1-PID-controller.png>
Package pdftex.def Info: Images//img_matlab/fig1-PID-controller.png  used on in
put line 19.
(pdftex.def)             Requested size: 412.56497pt x 135.17706pt.
[98

]
<Images//img_matlab/fig3-quadruped-robot.png, id=1786, 703.62875pt x 331.2375pt
>
File: Images//img_matlab/fig3-quadruped-robot.png Graphic file (type png)
<use Images//img_matlab/fig3-quadruped-robot.png>
Package pdftex.def Info: Images//img_matlab/fig3-quadruped-robot.png  used on i
nput line 29.
(pdftex.def)             Requested size: 330.05322pt x 155.37332pt.
<Images//img_matlab/fig4-mo-hinh-hoa-robot.png, id=1788, 541.02126pt x 383.9343
7pt>
File: Images//img_matlab/fig4-mo-hinh-hoa-robot.png Graphic file (type png)
<use Images//img_matlab/fig4-mo-hinh-hoa-robot.png>
Package pdftex.def Info: Images//img_matlab/fig4-mo-hinh-hoa-robot.png  used on
 input line 38.
(pdftex.def)             Requested size: 412.56497pt x 292.7832pt.
 [99 <./Images//img_matlab/fig1-PID-controller.png> <./Images//img_matlab/fig3-
quadruped-robot.png>]
<Images//img_matlab/fig5-PID.png, id=1797, 465.74pt x 362.85562pt>
File: Images//img_matlab/fig5-PID.png Graphic file (type png)
<use Images//img_matlab/fig5-PID.png>
Package pdftex.def Info: Images//img_matlab/fig5-PID.png  used on input line 48
.
(pdftex.def)             Requested size: 330.05322pt x 257.15314pt.
 [100 <./Images//img_matlab/fig4-mo-hinh-hoa-robot.png>]
<Images//img_matlab/fig2-execution.png, id=1804, 501.37312pt x 373.89688pt>
File: Images//img_matlab/fig2-execution.png Graphic file (type png)
<use Images//img_matlab/fig2-execution.png>
Package pdftex.def Info: Images//img_matlab/fig2-execution.png  used on input l
ine 58.
(pdftex.def)             Requested size: 330.05322pt x 246.14513pt.
 [101 <./Images//img_matlab/fig5-PID.png>] [102 <./Images//img_matlab/fig2-exec
ution.png>]
<Images/PID_turning/PID_turning/roll turning Kp=4.png, id=1819, 1428.83812pt x 
649.67719pt>
File: Images/PID_turning/PID_turning/roll turning Kp=4.png Graphic file (type p
ng)
<use Images/PID_turning/PID_turning/roll turning Kp=4.png>
Package pdftex.def Info: Images/PID_turning/PID_turning/roll turning Kp=4.png  
used on input line 77.
(pdftex.def)             Requested size: 198.02942pt x 90.04216pt.
<Images/PID_turning/PID_turning/roll turning Kp=4 Kd=1.3.png, id=1820, 1428.838
12pt x 649.67719pt>
File: Images/PID_turning/PID_turning/roll turning Kp=4 Kd=1.3.png Graphic file 
(type png)
<use Images/PID_turning/PID_turning/roll turning Kp=4 Kd=1.3.png>
Package pdftex.def Info: Images/PID_turning/PID_turning/roll turning Kp=4 Kd=1.
3.png  used on input line 84.
(pdftex.def)             Requested size: 198.02942pt x 90.04216pt.
<Images/PID_turning/PID_turning/roll turning Kp=4 Kd=1.3 Ki=1.2.png, id=1821, 1
428.83812pt x 649.67719pt>
File: Images/PID_turning/PID_turning/roll turning Kp=4 Kd=1.3 Ki=1.2.png Graphi
c file (type png)
<use Images/PID_turning/PID_turning/roll turning Kp=4 Kd=1.3 Ki=1.2.png>
Package pdftex.def Info: Images/PID_turning/PID_turning/roll turning Kp=4 Kd=1.
3 Ki=1.2.png  used on input line 92.
(pdftex.def)             Requested size: 247.54149pt x 112.54527pt.
<Images/PID_turning/PID_turning/pitch turning Kp=5.png, id=1825, 1428.83812pt x
 649.67719pt>
File: Images/PID_turning/PID_turning/pitch turning Kp=5.png Graphic file (type 
png)
<use Images/PID_turning/PID_turning/pitch turning Kp=5.png>
Package pdftex.def Info: Images/PID_turning/PID_turning/pitch turning Kp=5.png 
 used on input line 108.
(pdftex.def)             Requested size: 198.02942pt x 90.04216pt.
<Images/PID_turning/PID_turning/pitch turning Kp=5 Kd=1.3.png, id=1826, 1428.83
812pt x 649.67719pt>
File: Images/PID_turning/PID_turning/pitch turning Kp=5 Kd=1.3.png Graphic file
 (type png)
<use Images/PID_turning/PID_turning/pitch turning Kp=5 Kd=1.3.png>
Package pdftex.def Info: Images/PID_turning/PID_turning/pitch turning Kp=5 Kd=1
.3.png  used on input line 115.
(pdftex.def)             Requested size: 198.02942pt x 90.04216pt.
<Images/PID_turning/PID_turning/pitch turning Kp=5 Kd=1.3 Ki=1.6.png, id=1827, 
1428.83812pt x 649.67719pt>
File: Images/PID_turning/PID_turning/pitch turning Kp=5 Kd=1.3 Ki=1.6.png Graph
ic file (type png)
<use Images/PID_turning/PID_turning/pitch turning Kp=5 Kd=1.3 Ki=1.6.png>
Package pdftex.def Info: Images/PID_turning/PID_turning/pitch turning Kp=5 Kd=1
.3 Ki=1.6.png  used on input line 123.
(pdftex.def)             Requested size: 247.54149pt x 112.54527pt.
 [103 <./Images/PID_turning/PID_turning/roll turning Kp=4.png (PNG copy)> <./Im
ages/PID_turning/PID_turning/roll turning Kp=4 Kd=1.3.png (PNG copy)> <./Images
/PID_turning/PID_turning/roll turning Kp=4 Kd=1.3 Ki=1.2.png (PNG copy)>]
<Images/PID_turning/PID_turning/PID turning nhi·ªÖu step.png, id=1835, 1428.838
12pt x 649.67719pt>
File: Images/PID_turning/PID_turning/PID turning nhi·ªÖu step.png Graphic file 
(type png)
<use Images/PID_turning/PID_turning/PID turning nhi·ªÖu step.png>
Package pdftex.def Info: Images/PID_turning/PID_turning/PID turning nhi·ªÖu ste
p.png  used on input line 136.
(pdftex.def)             Requested size: 330.05322pt x 150.06697pt.
 [104 <./Images/PID_turning/PID_turning/pitch turning Kp=5.png (PNG copy)> <./I
mages/PID_turning/PID_turning/pitch turning Kp=5 Kd=1.3.png (PNG copy)> <./Imag
es/PID_turning/PID_turning/pitch turning Kp=5 Kd=1.3 Ki=1.6.png (PNG copy)> <./
Images/PID_turning/PID_turning/PID turning nhi·ªÖu step.png (PNG copy)>]
<Images/PID_turning/PID_turning/PID turning nhi·ªÖu sin.png, id=1843, 1428.8381
2pt x 649.67719pt>
File: Images/PID_turning/PID_turning/PID turning nhi·ªÖu sin.png Graphic file (
type png)
<use Images/PID_turning/PID_turning/PID turning nhi·ªÖu sin.png>
Package pdftex.def Info: Images/PID_turning/PID_turning/PID turning nhi·ªÖu sin
.png  used on input line 150.
(pdftex.def)             Requested size: 330.05322pt x 150.06697pt.
<Images/PID_turning/PID_turning/PID b√π tr·ª±c ti·∫øp Kp=1 step.png, id=1844, 1
428.83812pt x 649.67719pt>
File: Images/PID_turning/PID_turning/PID b√π tr·ª±c ti·∫øp Kp=1 step.png Graphi
c file (type png)
<use Images/PID_turning/PID_turning/PID b√π tr·ª±c ti·∫øp Kp=1 step.png>
Package pdftex.def Info: Images/PID_turning/PID_turning/PID b√π tr·ª±c ti·∫øp K
p=1 step.png  used on input line 160.
(pdftex.def)             Requested size: 330.05322pt x 150.06697pt.
[105 <./Images/PID_turning/PID_turning/PID turning nhi·ªÖu sin.png (PNG copy)>]
<Images/PID_turning/PID_turning/PID b√π tr·ª±c ti·∫øp Kp=1 sin.png, id=1851, 14
28.83812pt x 649.67719pt>
File: Images/PID_turning/PID_turning/PID b√π tr·ª±c ti·∫øp Kp=1 sin.png Graphic
 file (type png)
<use Images/PID_turning/PID_turning/PID b√π tr·ª±c ti·∫øp Kp=1 sin.png>
Package pdftex.def Info: Images/PID_turning/PID_turning/PID b√π tr·ª±c ti·∫øp K
p=1 sin.png  used on input line 174.
(pdftex.def)             Requested size: 330.05322pt x 150.06697pt.
[106 <./Images/PID_turning/PID_turning/PID b√π tr·ª±c ti·∫øp Kp=1 step.png (PNG
 copy)>] [107 <./Images/PID_turning/PID_turning/PID b√π tr·ª±c ti·∫øp Kp=1 sin.
png (PNG copy)>]
<Images/PID_turning/PID_turning/zout.png, id=1864, 1428.83812pt x 649.67719pt>
File: Images/PID_turning/PID_turning/zout.png Graphic file (type png)
<use Images/PID_turning/PID_turning/zout.png>
Package pdftex.def Info: Images/PID_turning/PID_turning/zout.png  used on input
 line 193.
(pdftex.def)             Requested size: 330.05322pt x 150.06697pt.


LaTeX Font Warning: Font shape `T5/cmtt/b/n' undefined
(Font)              using `T5/cmtt/m/n' instead on input line 200.

[108 <./Images/PID_turning/PID_turning/zout.png (PNG copy)>]
<Images/PID_turning/PID_turning/x·ª≠ l√≠ roll tr∆∞·ªõc khi ƒë∆∞a v√†o PID.png, 
id=1872, 1428.83812pt x 649.67719pt>
File: Images/PID_turning/PID_turning/x·ª≠ l√≠ roll tr∆∞·ªõc khi ƒë∆∞a v√†o PID.
png Graphic file (type png)
<use Images/PID_turning/PID_turning/x·ª≠ l√≠ roll tr∆∞·ªõc khi ƒë∆∞a v√†o PID.p
ng>
Package pdftex.def Info: Images/PID_turning/PID_turning/x·ª≠ l√≠ roll tr∆∞·ªõc 
khi ƒë∆∞a v√†o PID.png  used on input line 209.
(pdftex.def)             Requested size: 330.05322pt x 150.06697pt.
<Images/PID_turning/PID_turning/x·ª≠ l√≠ pitch tr∆∞·ªõc khi ƒë∆∞a v√†o PID.png,
 id=1873, 1428.83812pt x 649.67719pt>
File: Images/PID_turning/PID_turning/x·ª≠ l√≠ pitch tr∆∞·ªõc khi ƒë∆∞a v√†o PID
.png Graphic file (type png)
<use Images/PID_turning/PID_turning/x·ª≠ l√≠ pitch tr∆∞·ªõc khi ƒë∆∞a v√†o PID.
png>
Package pdftex.def Info: Images/PID_turning/PID_turning/x·ª≠ l√≠ pitch tr∆∞·ªõc
 khi ƒë∆∞a v√†o PID.png  used on input line 216.
(pdftex.def)             Requested size: 330.05322pt x 150.06697pt.
 [109 <./Images/PID_turning/PID_turning/x·ª≠ l√≠ roll tr∆∞·ªõc khi ƒë∆∞a v√†o P
ID.png (PNG copy)> <./Images/PID_turning/PID_turning/x·ª≠ l√≠ pitch tr∆∞·ªõc kh
i ƒë∆∞a v√†o PID.png (PNG copy)>]
Overfull \hbox (5.15654pt too wide) in paragraph at lines 227--228
[]\T5/qtm/m/n/13 C°c tham sË hºnh hÂc chΩnh cıa mÊ hºnh URDF ^^_˜Òc trºnh b†y t
rong B£ng []5.1[]. 
 []


Overfull \hbox (37.35457pt too wide) in paragraph at lines 253--254
[]\T5/qtm/m/n/13 Giao diªn ^^_i∑u khi∫n gi˙a ROS 2 v† Gazebo s˚ dˆng plu-gin \T
5/cmtt/b/n/13 gazebo_ros2_control
 []

[110]
<Images//real_robot/gait/frames_cropped/1.jpg, id=1885, 1017.8025pt x 566.115pt
>
File: Images//real_robot/gait/frames_cropped/1.jpg Graphic file (type jpg)
<use Images//real_robot/gait/frames_cropped/1.jpg>
Package pdftex.def Info: Images//real_robot/gait/frames_cropped/1.jpg  used on 
input line 284.
(pdftex.def)             Requested size: 78.38835pt x 43.59703pt.
<Images//real_robot/gait/frames_cropped/2.jpg, id=1886, 1017.8025pt x 566.115pt
>
File: Images//real_robot/gait/frames_cropped/2.jpg Graphic file (type jpg)
<use Images//real_robot/gait/frames_cropped/2.jpg>
Package pdftex.def Info: Images//real_robot/gait/frames_cropped/2.jpg  used on 
input line 289.
(pdftex.def)             Requested size: 78.38835pt x 43.59703pt.
<Images//real_robot/gait/frames_cropped/3.jpg, id=1887, 1017.8025pt x 566.115pt
>
File: Images//real_robot/gait/frames_cropped/3.jpg Graphic file (type jpg)
<use Images//real_robot/gait/frames_cropped/3.jpg>
Package pdftex.def Info: Images//real_robot/gait/frames_cropped/3.jpg  used on 
input line 294.
(pdftex.def)             Requested size: 78.38835pt x 43.59703pt.
<Images//real_robot/gait/frames_cropped/4.jpg, id=1888, 1017.8025pt x 566.115pt
>
File: Images//real_robot/gait/frames_cropped/4.jpg Graphic file (type jpg)
<use Images//real_robot/gait/frames_cropped/4.jpg>
Package pdftex.def Info: Images//real_robot/gait/frames_cropped/4.jpg  used on 
input line 299.
(pdftex.def)             Requested size: 78.38835pt x 43.59703pt.
<Images//real_robot/gait/frames_cropped/5.jpg, id=1889, 1017.8025pt x 566.115pt
>
File: Images//real_robot/gait/frames_cropped/5.jpg Graphic file (type jpg)
<use Images//real_robot/gait/frames_cropped/5.jpg>
Package pdftex.def Info: Images//real_robot/gait/frames_cropped/5.jpg  used on 
input line 304.
(pdftex.def)             Requested size: 78.38835pt x 43.59703pt.
<Images//real_robot/gait/frames_cropped/6.jpg, id=1890, 1017.8025pt x 566.115pt
>
File: Images//real_robot/gait/frames_cropped/6.jpg Graphic file (type jpg)
<use Images//real_robot/gait/frames_cropped/6.jpg>
Package pdftex.def Info: Images//real_robot/gait/frames_cropped/6.jpg  used on 
input line 310.
(pdftex.def)             Requested size: 78.38835pt x 43.59703pt.
<Images//real_robot/gait/frames_cropped/7.jpg, id=1891, 1017.8025pt x 566.115pt
>
File: Images//real_robot/gait/frames_cropped/7.jpg Graphic file (type jpg)
<use Images//real_robot/gait/frames_cropped/7.jpg>
Package pdftex.def Info: Images//real_robot/gait/frames_cropped/7.jpg  used on 
input line 315.
(pdftex.def)             Requested size: 78.38835pt x 43.59703pt.
<Images//real_robot/gait/frames_cropped/8.jpg, id=1892, 1017.8025pt x 566.115pt
>
File: Images//real_robot/gait/frames_cropped/8.jpg Graphic file (type jpg)
<use Images//real_robot/gait/frames_cropped/8.jpg>
Package pdftex.def Info: Images//real_robot/gait/frames_cropped/8.jpg  used on 
input line 320.
(pdftex.def)             Requested size: 78.38835pt x 43.59703pt.
<Images//real_robot/gait/frames_cropped/9.jpg, id=1893, 1017.8025pt x 566.115pt
>
File: Images//real_robot/gait/frames_cropped/9.jpg Graphic file (type jpg)
<use Images//real_robot/gait/frames_cropped/9.jpg>
Package pdftex.def Info: Images//real_robot/gait/frames_cropped/9.jpg  used on 
input line 325.
(pdftex.def)             Requested size: 78.38835pt x 43.59703pt.
<Images//real_robot/gait/frames_cropped/10.jpg, id=1894, 1017.8025pt x 566.115p
t>
File: Images//real_robot/gait/frames_cropped/10.jpg Graphic file (type jpg)
<use Images//real_robot/gait/frames_cropped/10.jpg>
Package pdftex.def Info: Images//real_robot/gait/frames_cropped/10.jpg  used on
 input line 330.
(pdftex.def)             Requested size: 78.38835pt x 43.59703pt.
 [111]
<Images//real_robot/gait/frames_cropped/20.jpg, id=1901, 1017.8025pt x 566.115p
t>
File: Images//real_robot/gait/frames_cropped/20.jpg Graphic file (type jpg)
<use Images//real_robot/gait/frames_cropped/20.jpg>
Package pdftex.def Info: Images//real_robot/gait/frames_cropped/20.jpg  used on
 input line 343.
(pdftex.def)             Requested size: 78.38835pt x 43.59703pt.
<Images//real_robot/gait/frames_cropped/30.jpg, id=1902, 1017.8025pt x 566.115p
t>
File: Images//real_robot/gait/frames_cropped/30.jpg Graphic file (type jpg)
<use Images//real_robot/gait/frames_cropped/30.jpg>
Package pdftex.def Info: Images//real_robot/gait/frames_cropped/30.jpg  used on
 input line 348.
(pdftex.def)             Requested size: 78.38835pt x 43.59703pt.
<Images//real_robot/gait/frames_cropped/40.jpg, id=1903, 1017.8025pt x 566.115p
t>
File: Images//real_robot/gait/frames_cropped/40.jpg Graphic file (type jpg)
<use Images//real_robot/gait/frames_cropped/40.jpg>
Package pdftex.def Info: Images//real_robot/gait/frames_cropped/40.jpg  used on
 input line 353.
(pdftex.def)             Requested size: 78.38835pt x 43.59703pt.
<Images//real_robot/gait/frames_cropped/50.jpg, id=1904, 1017.8025pt x 566.115p
t>
File: Images//real_robot/gait/frames_cropped/50.jpg Graphic file (type jpg)
<use Images//real_robot/gait/frames_cropped/50.jpg>
Package pdftex.def Info: Images//real_robot/gait/frames_cropped/50.jpg  used on
 input line 358.
(pdftex.def)             Requested size: 78.38835pt x 43.59703pt.
<Images//real_robot/gait/frames_cropped/60.jpg, id=1905, 1017.8025pt x 566.115p
t>
File: Images//real_robot/gait/frames_cropped/60.jpg Graphic file (type jpg)
<use Images//real_robot/gait/frames_cropped/60.jpg>
Package pdftex.def Info: Images//real_robot/gait/frames_cropped/60.jpg  used on
 input line 363.
(pdftex.def)             Requested size: 78.38835pt x 43.59703pt.
<Images//real_robot/gait/frames_cropped/70.jpg, id=1906, 1017.8025pt x 566.115p
t>
File: Images//real_robot/gait/frames_cropped/70.jpg Graphic file (type jpg)
<use Images//real_robot/gait/frames_cropped/70.jpg>
Package pdftex.def Info: Images//real_robot/gait/frames_cropped/70.jpg  used on
 input line 369.
(pdftex.def)             Requested size: 78.38835pt x 43.59703pt.
<Images//real_robot/gait/frames_cropped/80.jpg, id=1907, 1017.8025pt x 566.115p
t>
File: Images//real_robot/gait/frames_cropped/80.jpg Graphic file (type jpg)
<use Images//real_robot/gait/frames_cropped/80.jpg>
Package pdftex.def Info: Images//real_robot/gait/frames_cropped/80.jpg  used on
 input line 374.
(pdftex.def)             Requested size: 78.38835pt x 43.59703pt.
<Images//real_robot/gait/frames_cropped/90.jpg, id=1908, 1017.8025pt x 566.115p
t>
File: Images//real_robot/gait/frames_cropped/90.jpg Graphic file (type jpg)
<use Images//real_robot/gait/frames_cropped/90.jpg>
Package pdftex.def Info: Images//real_robot/gait/frames_cropped/90.jpg  used on
 input line 379.
(pdftex.def)             Requested size: 78.38835pt x 43.59703pt.
<Images//real_robot/gait/frames_cropped/100.jpg, id=1909, 1017.8025pt x 566.115
pt>
File: Images//real_robot/gait/frames_cropped/100.jpg Graphic file (type jpg)
<use Images//real_robot/gait/frames_cropped/100.jpg>
Package pdftex.def Info: Images//real_robot/gait/frames_cropped/100.jpg  used o
n input line 384.
(pdftex.def)             Requested size: 78.38835pt x 43.59703pt.
<Images//real_robot/gait/frames_cropped/110.jpg, id=1910, 1017.8025pt x 566.115
pt>
File: Images//real_robot/gait/frames_cropped/110.jpg Graphic file (type jpg)
<use Images//real_robot/gait/frames_cropped/110.jpg>
Package pdftex.def Info: Images//real_robot/gait/frames_cropped/110.jpg  used o
n input line 389.
(pdftex.def)             Requested size: 78.38835pt x 43.59703pt.
 [112 <./Images//real_robot/gait/frames_cropped/1.jpg> <./Images//real_robot/ga
it/frames_cropped/2.jpg> <./Images//real_robot/gait/frames_cropped/3.jpg> <./Im
ages//real_robot/gait/frames_cropped/4.jpg> <./Images//real_robot/gait/frames_c
ropped/5.jpg> <./Images//real_robot/gait/frames_cropped/6.jpg> <./Images//real_
robot/gait/frames_cropped/7.jpg> <./Images//real_robot/gait/frames_cropped/8.jp
g> <./Images//real_robot/gait/frames_cropped/9.jpg> <./Images//real_robot/gait/
frames_cropped/10.jpg> <./Images//real_robot/gait/frames_cropped/20.jpg> <./Ima
ges//real_robot/gait/frames_cropped/30.jpg> <./Images//real_robot/gait/frames_c
ropped/40.jpg> <./Images//real_robot/gait/frames_cropped/50.jpg> <./Images//rea
l_robot/gait/frames_cropped/60.jpg> <./Images//real_robot/gait/frames_cropped/7
0.jpg> <./Images//real_robot/gait/frames_cropped/80.jpg> <./Images//real_robot/
gait/frames_cropped/90.jpg> <./Images//real_robot/gait/frames_cropped/100.jpg> 
<./Images//real_robot/gait/frames_cropped/110.jpg>] [113]
<Images//results/offline_traj_pos.png, id=1922, 681.2652pt x 408.0846pt>
File: Images//results/offline_traj_pos.png Graphic file (type png)
<use Images//results/offline_traj_pos.png>
Package pdftex.def Info: Images//results/offline_traj_pos.png  used on input li
ne 453.
(pdftex.def)             Requested size: 330.05322pt x 197.70284pt.
 [114]
<Images//results/offline_traj_vel_acc.png, id=1929, 675.0018pt x 415.7934pt>
File: Images//results/offline_traj_vel_acc.png Graphic file (type png)
<use Images//results/offline_traj_vel_acc.png>
Package pdftex.def Info: Images//results/offline_traj_vel_acc.png  used on inpu
t line 462.
(pdftex.def)             Requested size: 330.05322pt x 203.30276pt.

[115 <./Images//results/offline_traj_pos.png> <./Images//results/offline_traj_v
el_acc.png>]
<Images//results/offline_traj_angle.png, id=1937, 658.3797pt x 408.0846pt>
File: Images//results/offline_traj_angle.png Graphic file (type png)
<use Images//results/offline_traj_angle.png>
Package pdftex.def Info: Images//results/offline_traj_angle.png  used on input 
line 471.
(pdftex.def)             Requested size: 330.05322pt x 204.5773pt.
<Images//gait_planner/gait_3d.png, id=1939, 267.399pt x 291.2481pt>
File: Images//gait_planner/gait_3d.png Graphic file (type png)
<use Images//gait_planner/gait_3d.png>
Package pdftex.def Info: Images//gait_planner/gait_3d.png  used on input line 4
82.
(pdftex.def)             Requested size: 247.54149pt x 269.6269pt.
 [116 <./Images//results/offline_traj_angle.png>]
<Images//results/pid_error_home.png, id=1947, 700.2963pt x 408.0846pt>
File: Images//results/pid_error_home.png Graphic file (type png)
<use Images//results/pid_error_home.png>
Package pdftex.def Info: Images//results/pid_error_home.png  used on input line
 493.
(pdftex.def)             Requested size: 350.68274pt x 204.35313pt.
 [117 <./Images//gait_planner/gait_3d.png>]
<Images//results/home_pid_roll_controller_meas_sat_lpf.png, id=1955, 1445.4pt x
 903.375pt>
File: Images//results/home_pid_roll_controller_meas_sat_lpf.png Graphic file (t
ype png)
<use Images//results/home_pid_roll_controller_meas_sat_lpf.png>
Package pdftex.def Info: Images//results/home_pid_roll_controller_meas_sat_lpf.
png  used on input line 508.
(pdftex.def)             Requested size: 198.02942pt x 123.75612pt.
<Images//results/home_pid_pitch_controller_meas_sat_lpf.png, id=1956, 1445.4pt 
x 903.375pt>
File: Images//results/home_pid_pitch_controller_meas_sat_lpf.png Graphic file (
type png)
<use Images//results/home_pid_pitch_controller_meas_sat_lpf.png>
Package pdftex.def Info: Images//results/home_pid_pitch_controller_meas_sat_lpf
.png  used on input line 515.
(pdftex.def)             Requested size: 198.02942pt x 123.75612pt.
 [118 <./Images//results/pid_error_home.png>]
<Images//results/home_pid_roll_controller_p_i_d.png, id=1965, 1445.4pt x 903.37
5pt>
File: Images//results/home_pid_roll_controller_p_i_d.png Graphic file (type png
)
<use Images//results/home_pid_roll_controller_p_i_d.png>
Package pdftex.def Info: Images//results/home_pid_roll_controller_p_i_d.png  us
ed on input line 528.
(pdftex.def)             Requested size: 198.02942pt x 123.75612pt.
<Images//results/home_pid_pitch_controller_p_i_d.png, id=1966, 1445.4pt x 903.3
75pt>
File: Images//results/home_pid_pitch_controller_p_i_d.png Graphic file (type pn
g)
<use Images//results/home_pid_pitch_controller_p_i_d.png>
Package pdftex.def Info: Images//results/home_pid_pitch_controller_p_i_d.png  u
sed on input line 535.
(pdftex.def)             Requested size: 198.02942pt x 123.75612pt.
 [119 <./Images//results/home_pid_roll_controller_meas_sat_lpf.png (PNG copy)> 
<./Images//results/home_pid_pitch_controller_meas_sat_lpf.png (PNG copy)> <./Im
ages//results/home_pid_roll_controller_p_i_d.png (PNG copy)> <./Images//results
/home_pid_pitch_controller_p_i_d.png (PNG copy)>]
<Images//results/pid_error_gait.png, id=1972, 700.2963pt x 408.0846pt>
File: Images//results/pid_error_gait.png Graphic file (type png)
<use Images//results/pid_error_gait.png>
Package pdftex.def Info: Images//results/pid_error_gait.png  used on input line
 548.
(pdftex.def)             Requested size: 350.68274pt x 204.35313pt.
<Images//results/trot_pid_roll_controller_meas_avg_zoom.png, id=1974, 1445.4pt 
x 903.375pt>
File: Images//results/trot_pid_roll_controller_meas_avg_zoom.png Graphic file (
type png)
<use Images//results/trot_pid_roll_controller_meas_avg_zoom.png>
Package pdftex.def Info: Images//results/trot_pid_roll_controller_meas_avg_zoom
.png  used on input line 563.
(pdftex.def)             Requested size: 198.02942pt x 123.75612pt.
<Images//results/trot_pid_pitch_controller_meas_avg_zoom.png, id=1975, 1445.4pt
 x 903.375pt>
File: Images//results/trot_pid_pitch_controller_meas_avg_zoom.png Graphic file 
(type png)
<use Images//results/trot_pid_pitch_controller_meas_avg_zoom.png>
Package pdftex.def Info: Images//results/trot_pid_pitch_controller_meas_avg_zoo
m.png  used on input line 569.
(pdftex.def)             Requested size: 198.02942pt x 123.75612pt.
 [120 <./Images//results/pid_error_gait.png>]
<Images//results/trot_pid_roll_controller_p_i_d_zoom.png, id=1983, 1445.4pt x 9
03.375pt>
File: Images//results/trot_pid_roll_controller_p_i_d_zoom.png Graphic file (typ
e png)
<use Images//results/trot_pid_roll_controller_p_i_d_zoom.png>
Package pdftex.def Info: Images//results/trot_pid_roll_controller_p_i_d_zoom.pn
g  used on input line 582.
(pdftex.def)             Requested size: 198.02942pt x 123.75612pt.
<Images//results/trot_pid_pitch_controller_p_i_d_zoom.png, id=1984, 1445.4pt x 
903.375pt>
File: Images//results/trot_pid_pitch_controller_p_i_d_zoom.png Graphic file (ty
pe png)
<use Images//results/trot_pid_pitch_controller_p_i_d_zoom.png>
Package pdftex.def Info: Images//results/trot_pid_pitch_controller_p_i_d_zoom.p
ng  used on input line 588.
(pdftex.def)             Requested size: 198.02942pt x 123.75612pt.
 [121 <./Images//results/trot_pid_roll_controller_meas_avg_zoom.png (PNG copy)>
 <./Images//results/trot_pid_pitch_controller_meas_avg_zoom.png (PNG copy)> <./
Images//results/trot_pid_roll_controller_p_i_d_zoom.png (PNG copy)> <./Images//
results/trot_pid_pitch_controller_p_i_d_zoom.png (PNG copy)>]
<Images//results/trot_pid_roll_controller_sat_lpf_ff_zoom.png, id=1990, 1445.4p
t x 903.375pt>
File: Images//results/trot_pid_roll_controller_sat_lpf_ff_zoom.png Graphic file
 (type png)
<use Images//results/trot_pid_roll_controller_sat_lpf_ff_zoom.png>
Package pdftex.def Info: Images//results/trot_pid_roll_controller_sat_lpf_ff_zo
om.png  used on input line 601.
(pdftex.def)             Requested size: 198.02942pt x 123.75612pt.
<Images//results/trot_pid_pitch_controller_sat_lpf_ff_zoom.png, id=1991, 1445.4
pt x 903.375pt>
File: Images//results/trot_pid_pitch_controller_sat_lpf_ff_zoom.png Graphic fil
e (type png)
<use Images//results/trot_pid_pitch_controller_sat_lpf_ff_zoom.png>
Package pdftex.def Info: Images//results/trot_pid_pitch_controller_sat_lpf_ff_z
oom.png  used on input line 607.
(pdftex.def)             Requested size: 198.02942pt x 123.75612pt.
 [122 <./Images//results/trot_pid_roll_controller_sat_lpf_ff_zoom.png (PNG copy
)> <./Images//results/trot_pid_pitch_controller_sat_lpf_ff_zoom.png (PNG copy)>
]
Overfull \hbox (4.71959pt too wide) in paragraph at lines 664--665
[]\T5/qtm/m/n/13 MÈi se-rial driver nh™n lªnh g‚c servo (^^_Ïn v‡ ^^_Î) t¯ topi
c \T5/cmtt/b/n/13 /servo_commands_
 []

[123] [124] [125] [126]
Underfull \hbox (badness 10000) in paragraph at lines 777--777
[]|\T5/qtm/m/n/13 Joint 1
 []


Underfull \hbox (badness 1033) in paragraph at lines 777--777
[]|\T5/qtm/m/n/13 Xo± hÊng \TS1/qtm/m/n/13 ^^Y \T5/qtm/m/n/13 ch•n xo± ra ngo†i
,
 []

[127]
Overfull \hbox (47.15407pt too wide) in paragraph at lines 809--821
 [][] 
 []

[128] [129] [130]) (./chapter/ch6_ketluan.tex [131]
Ch\uhorn \ohorn ng 6.
[132

] [133] [134] [135]) (./thesis.bbl [136]
Underfull \hbox (badness 10000) in paragraph at lines 32--34
[]\T5/qtm/m/n/13 Unitree Robotics, ``Uni-tree go1 quadruped robot.'' []$\T5/cmt
t/b/n/13 https : / / www .
 []


Underfull \hbox (badness 1005) in paragraph at lines 36--40
\T5/qtm/m/n/13 R. Sieg-wart, ``Con-trol of dy-namic gaits for a quadrupedal rob
ot,'' in
 []

[137

]) [138]
\openout2 = `chapter/appendix.aux'.

 (./chapter/appendix.tex [139


] [140] [141] [142

] [143] [144]
[145

]) [146] (./thesis.aux (./chapter/appendix.aux))

LaTeX Font Warning: Size substitutions with differences
(Font)              up to 1.0pt have occurred.


LaTeX Font Warning: Some font shapes were not available, defaults substituted.

Package rerunfilecheck Info: File `thesis.out' has not changed.
(rerunfilecheck)             Checksum: 77E8A0F86F5272E9DAA8CD7316772BA5;27389.
 ) 
Here is how much of TeX's memory you used:
 28036 strings out of 479662
 531870 string characters out of 5883895
 786073 words of memory out of 5000000
 44924 multiletter control sequences out of 15000+600000
 522279 words of font info for 113 fonts, out of 8000000 for 9000
 309 hyphenation exceptions out of 8191
 99i,18n,117p,1317b,653s stack positions out of 5000i,500n,10000p,200000b,80000s
{/usr/share/texmf/fonts/enc/dvips/tex-gyre/q-t5.enc}{/usr/share/texmf/fonts/e
nc/dvips/tex-gyre/q-ts1.enc}</usr/share/texlive/texmf-dist/fonts/type1/public/a
msfonts/cmextra/cmbsy9.pfb></usr/share/texlive/texmf-dist/fonts/type1/public/am
sfonts/cm/cmbx12.pfb></usr/share/texlive/texmf-dist/fonts/type1/public/amsfonts
/cm/cmbx9.pfb></usr/share/texlive/texmf-dist/fonts/type1/public/amsfonts/cm/cme
x10.pfb></usr/share/texlive/texmf-dist/fonts/type1/public/amsfonts/cm/cmmi12.pf
b></usr/share/texlive/texmf-dist/fonts/type1/public/amsfonts/cm/cmmi6.pfb></usr
/share/texlive/texmf-dist/fonts/type1/public/amsfonts/cm/cmmi8.pfb></usr/share/
texlive/texmf-dist/fonts/type1/public/amsfonts/cm/cmmi9.pfb></usr/share/texlive
/texmf-dist/fonts/type1/public/amsfonts/cm/cmmib10.pfb></usr/share/texlive/texm
f-dist/fonts/type1/public/amsfonts/cmextra/cmmib9.pfb></usr/share/texlive/texmf
-dist/fonts/type1/public/amsfonts/cm/cmr12.pfb></usr/share/texlive/texmf-dist/f
onts/type1/public/amsfonts/cm/cmr9.pfb></usr/share/texlive/texmf-dist/fonts/typ
e1/public/amsfonts/cm/cmsy10.pfb></usr/share/texlive/texmf-dist/fonts/type1/pub
lic/amsfonts/cm/cmsy8.pfb></usr/share/texlive/texmf-dist/fonts/type1/public/ams
fonts/cm/cmsy9.pfb></usr/share/texmf/fonts/type1/public/tex-gyre/qtmb.pfb></usr
/share/texmf/fonts/type1/public/tex-gyre/qtmbi.pfb></usr/share/texmf/fonts/type
1/public/tex-gyre/qtmr.pfb></usr/share/texmf/fonts/type1/public/tex-gyre/qtmri.
pfb></usr/share/texlive/texmf-dist/fonts/type1/vntex/vnr/vnitt10.pfb></usr/shar
e/texlive/texmf-dist/fonts/type1/vntex/vnr/vntt12.pfb>
Output written on thesis.pdf (163 pages, 27494749 bytes).
PDF statistics:
 2378 PDF objects out of 2487 (max. 8388607)
 1873 compressed objects within 19 object streams
 553 named destinations out of 1000 (max. 500000)
 1483 words of extra memory for PDF output out of 10000 (max. 10000000)

